ResponseID,Gender,Age,Edu,Duration,Freq,IR,ICU,IA,IU,IF,ICO,ICR,EOU,SyR,SyF,SyA,SyT,SyI,SySc,SrR,SrRp,SrA,SrC,SrSc,SrCp,SrP,SrCm,SrAc,SrE,SrTa,Satisfation
91123,2,1,2,3,7,0,2,0.67,2,2,2,2,2,1.5,2,2,2,2,2,2,2,2,2,2,2,2,2,2,2,2,satisfied
519987,1,1,1,1,6,0.33,1,1.33,1.67,1,1.33,1.33,2,1.25,1.67,0.33,0.67,2,2,1.67,1.5,2,2.67,1.67,2.25,2,1,2,2,2,satisfied
606216,1,1,2,3,6,0,1.67,1.33,-0.33,-0.33,1,1,-1,0.5,1.67,0.67,0.67,1.67,1,-0.33,0.5,0.67,0.67,0.33,0.75,0,0.33,-0.33,0.5,0.57,Somehow Satisfied
623821,1,1,2,1,1,1,1,1,1,1,1,1,1,1,1,1,1,1,1,1,1,1,1,1,1,1,1,1,1,1,Somehow Satisfied
632548,1,1,1,3,2,0,3,3,2,2.33,2.33,3,1.67,1.75,1.33,1.67,0.67,0.67,0.67,0.67,1,0.67,0,0,0,0,0,2,1.5,2,Somehow Satisfied
818752,1,1,2,4,2,0,2,-2,1.33,1.33,1,-0.33,1.67,0.5,0.33,2.33,1,1.33,2.67,-1.67,0.5,-0.33,0.67,0.33,0.75,-1.5,-2.33,1.33,0.25,1.57,Somehow Satisfied
824285,1,1,2,4,4,2,2,2,-0.67,-3,2,2,-1,2,2,2,-2,2,2,0,0,0,0,0,0,0,0,0,0,0,Somehow Distatsified
825263,1,1,3,1,6,2,2.67,1.67,2.33,2.33,2.67,3,2.67,2.25,1.33,3,2,2.67,3,2.67,2.75,3,2.67,3,2.75,2.5,2.67,3,2.25,2.86,satisfied
825494,1,1,2,3,7,1,2.33,2,2,2.33,1.67,2.67,2,2,1.67,2,2,2,2,2,1.75,2.33,2,2,2,2,2,3,2,2.29,satisfied
845856,1,1,2,2,1,0.67,0.33,0.67,1.67,0,0.67,1,1,-0.25,-0.67,0.67,1,0.67,1.33,0.67,0.25,0.67,1.33,1.67,1,1,1.67,0.33,0,0.86,satisfied
845957,2,1,3,1,2,3,3,3,3,3,3,3,2.33,3,3,3,2.67,3,3,3,3,3,3,3,3,3,3,2.67,3,2.86,satisfied
854373,1,1,2,1,7,0,1,0.67,-0.67,0,1,0,0.33,-0.75,0.33,0.33,0.67,1,0,0.33,0.5,1,0.67,0,0.5,1,1,0.33,0,0,Somehow Satisfied
864402,1,1,2,1,7,-0.67,2.33,1.67,1.67,1.67,2,2,1.67,2,1,1.67,2,2,2,2,2,2,2,2,2,2,2,2,1.25,2,satisfied
867150,1,1,2,3,4,1,1,0.33,3,3,3,3,3,2,3,3,3,3,3,3,3,3,3,3,3,3,3,3,3,3,satisfied
869176,1,1,2,3,3,2,3,3,1.67,2.67,2.33,3,2.33,2.75,2.67,3,2.67,3,2.33,1.67,2.75,2,3,3,3,3,3,3,2.75,2.86,satisfied
871702,1,1,2,3,4,1.67,2,3,2.67,2,2.67,2.67,3,3,1.67,0.67,1,0,1.67,0,0.5,0,-1,1,1.5,1.5,1,1,-0.5,1.57,satisfied
875553,2,1,1,3,6,1,1,1,1,1,1,1,1,1,1,1.67,1.33,0.67,0.33,0.33,0.75,0.33,0,0.33,0.25,-1,-0.33,0.33,0,0.14,Neutral
875734,2,1,2,3,3,-1.67,1.67,0.67,1.67,2,1.67,2,0.33,0.75,1,1,0.67,0.67,0.67,1.33,1,0,0.33,0,0,-1,0.33,1,-0.25,0.29,Somehow Satisfied
875803,2,1,2,3,1,1.33,1.67,2,0.67,1.33,1.33,1.33,1,1.5,0.33,0.67,1,1,1.33,0.67,1,1,0.67,1.33,1.25,1.5,0.67,1.33,0.75,0.71,Somehow Satisfied
875950,1,1,2,3,6,-0.67,1.33,-0.33,-0.33,0,-0.33,1.33,-0.67,0.25,-0.33,0.33,0.67,1,1.33,0.33,0.75,-0.33,1,0.33,0.5,1,0.67,1,1,0.57,Somehow Satisfied
879524,2,1,2,3,7,0,0,0,0,0,0,0,0,0,0,0,0,0,0,0,0,0,0,0,0,0,0,0,0,0,Neutral
883076,1,1,1,2,3,2,2,1.67,2.67,2.67,2,3,1.67,1.75,1.67,1.67,2,2,2,2.67,2.25,3,3,2,2.25,2,2.33,2.33,2.5,2.71,satisfied
886686,2,1,2,3,2,0,2,2,2,1.33,2,1.33,1,1.25,-0.33,1,0.67,0.33,3,1,1,1,1.33,1,1,1,1,0.33,-1.25,-0.14,Neutral
890258,2,1,2,3,6,1,0.33,0.33,0.67,-0.67,-0.67,0.33,0.67,0,-0.33,1.67,1.67,0.67,0.33,2.67,2.75,3,1.67,1.67,2,2,1.67,1.33,1.5,0.71,Somehow Satisfied
892804,1,1,2,1,3,0,0.33,0,2,1,1.67,1.33,0.67,0.5,-0.33,1,1,1,1,1.33,1,1,0,1.67,0.75,0,1,1.33,0.75,0.57,satisfied
893551,2,1,2,3,6,2.67,3,2.67,3,3,3,3,3,3,3,3,3,3,3,3,3,3,3,3,3,3,3,3,3,3,satisfied
906910,1,1,2,3,1,1,0.67,2.67,-1,-1.67,1.67,1.67,2,2,2,2,-0.67,0,2,-0.33,-2,-0.33,-1,0,0.25,0,1,-2,-1,0,Somehow Satisfied
908223,1,1,2,3,5,0,-3,-2,0.33,-0.67,-2,-3,0.33,0,0.33,-3,-1,-3,0,-0.67,-0.5,-0.67,0,0,-0.5,0,0,0,0,0,Somehow Distatsified
910002,1,1,2,2,3,-0.33,-3,-1.33,-1,0.67,-2,1.33,0.33,0.5,1,0,0.67,0.67,1.33,1,-2.25,-2.67,3,3,3,1.5,3,0,0,0,Somehow Distatsified
911288,1,1,2,3,5,0.67,1.67,0.67,1.33,1,1.67,1,1.33,1.25,1.67,1.67,1.33,2,1.67,1.67,1.5,1.67,1,1.67,1.75,1,1.33,1.67,1.75,1.57,satisfied
911607,2,1,2,2,3,0.33,1.33,0,2,2.67,1.67,2.67,0,1.25,1.67,2,0,1,2,2,2,1.67,2,2.67,1.75,2,1.33,1,1.25,1.29,satisfied
911629,2,1,2,3,5,2.67,1.33,1.33,3,3,2.67,3,2.33,2.5,1.67,2.33,2.33,3,3,3,2.75,3,3,3,3,3,3,3,2.75,2.57,satisfied
913848,2,1,2,3,3,2,2.33,2.33,3,3,3,3,3,2.75,3,3,2,1.33,2,2.33,1.25,2,1.33,2,1.5,2,2,3,1.5,2.14,satisfied
915394,1,1,2,3,7,3,1.33,1.33,3,3,3,3,3,3,3,2,2.67,3,2.33,2,2,2,2.33,2.67,2.25,2,2.67,2.67,2.5,2.57,satisfied
916045,1,1,2,3,4,2,1.67,1,1.67,1.67,1,1.67,1,1.25,2,1,0.33,1,1,0,0.25,0.67,0.67,0.67,0.5,0,0,0.67,0.5,1.14,satisfied
916220,2,1,2,3,3,0,2,1,2,1.67,1.33,1.67,0,-0.75,0,0,0,0,0,-1,-0.75,-2.67,-0.67,0.67,0.25,0,-0.67,1,-2,1.86,Somehow Satisfied
917181,2,1,2,3,6,1,0.67,1,1,1.33,1,1,0.33,0,0.33,1,0.33,0.33,0.67,0,0,0,0.33,0,0.25,0,0.33,0,0,0,Somehow Satisfied
918994,2,1,1,3,5,0,0.67,0,0,0,0,0,-1,-1,-1,1,1,1,1,-1,-0.75,-1,0,0,0,0,0.33,0,0,0,Neutral
921335,1,1,2,3,2,0.67,0.67,-0.33,1,-0.33,-0.33,0.33,0.33,0,1.33,0.33,0,-0.33,1,0.33,0.25,-1,-0.33,-1,0.5,0,0,-0.33,0.25,0.14,Somehow Satisfied
922693,1,1,1,3,3,2,2,1.33,2.33,2,1,1.67,0.67,0.25,0.33,0.67,1,1.67,1,1,1,1.33,1,1.33,1.75,2,1.67,1.33,1.5,1.14,satisfied
923578,1,1,2,3,1,0.67,1,1.67,0.67,0.67,0,0.67,-0.33,0.5,0.33,0.33,0,0.33,1.67,0.67,0.5,0.33,0.33,-0.33,0.25,0,0.67,-0.33,0.75,0.14,Somehow Satisfied
923749,2,1,1,1,7,3,3,2.67,3,3,3,3,3,2.75,2.33,3,3,3,3,3,3,3,3,3,3,3,3,3,3,3,satisfied
924545,1,1,2,3,6,-0.67,1,0.33,1,1,1,1,1,0.25,1,0,0,-0.33,0,0.33,0.25,0.33,0,0,0,0,0,0.67,0,0.14,Neutral
928449,2,1,2,3,7,0.33,1.67,1,2,2,1.33,1.67,1,1,0.33,1,1,1.67,1,1,1.5,1,1.67,1.67,2,2,1.33,1.67,1.5,1.86,satisfied
932378,1,1,2,3,5,0,0.33,0,-0.33,0,0.67,0.33,-0.33,0.5,0,0.33,-0.33,0.33,-0.33,0,0.5,0,-0.33,-0.33,0.25,0.5,0.33,-0.67,-0.25,0.29,Neutral
935358,2,1,2,1,7,2,2,2,2,2,2,2,2,2,2,2,2,2,2,2,2,2,2,2,2,2,2,2,2,2,satisfied
936468,2,1,2,3,2,0,-2,-0.67,-0.33,1,0.33,-0.33,0.67,-0.75,0,0.33,0,-0.67,3,-3,-3,-3,0,-0.67,-0.75,0,-1,-1.67,0,2.86,Somehow Satisfied
937353,1,1,1,3,7,1,1.33,1.67,2,2.33,1.67,2,3,2.25,3,3,2.67,2.67,2.67,2.67,2.75,2.33,2.67,2.33,2.5,2.5,2.67,2.67,2.75,2.86,satisfied
940804,1,1,2,2,6,2,2,2,2,2,2,2,2,2,2,2,2,2,2,2,2,2,2,2,2,2,2,2,2,2.14,satisfied
941774,2,1,2,3,3,0,-1,-2,0,1,-1,-1,1.67,0.5,2,-1,0.33,0,1,-3,-3,-3,-3,-3,-3,-3,-3,-3,-3,-1.14,Somehow Satisfied
941808,2,1,2,1,5,3,3,3,3,3,3,3,3,3,3,3,3,3,3,3,3,3,3,3,3,3,3,3,3,3,satisfied
947017,2,1,2,1,5,1.33,2,-0.33,0.67,0.67,1.67,1.67,0.67,1,2,1.33,2,1.67,1.33,1.67,2,1.33,1.33,2,1.75,1,1.33,1.67,1.75,2,satisfied
947055,2,1,2,3,3,0,2,-0.33,0.67,1,0.67,1,0,0,0,-0.67,-0.33,0.33,1,0,0,0,0.33,0,0,0,0,0,-2.75,-0.43,Neutral
948341,2,1,3,1,5,2,2,2,1,2,1.67,2,1.67,1.75,1.33,2,2,2,2,2,2,2,1.67,2,1.75,2,1.33,1.33,1.25,1.71,satisfied
948391,2,1,2,3,5,1.67,1.33,0.33,1,1,0,0,-0.33,-1,-0.33,0.33,0.33,1,0.33,0,0.75,1.33,0.33,0.33,0.75,0.5,0.67,0.33,0.75,0.57,satisfied
948865,2,1,1,3,6,0.33,0.33,0.67,0.67,0.33,0.33,1,0.67,0.25,0.33,-0.33,0.67,1,1,0.33,0.75,0.67,1,1,0.5,0.5,0.67,1,0.75,1.14,Somehow Satisfied
949066,2,1,2,3,6,1,-0.33,-1.33,-1.33,-1.67,-0.67,0,-0.33,-0.5,-0.33,1,0,-0.33,2,-3,-3,-3,1,1,-0.75,0,-1,-2.33,1,0.29,Neutral
952896,1,1,2,3,6,3,2.33,0,1.67,2.67,1.67,2.67,1.67,0.75,2.33,2,1.67,1.67,2.33,0.67,0.25,1.33,2,2,0.75,1.5,1.67,1.33,2,1.71,satisfied
954327,2,1,2,3,1,0,-0.33,1,-1,0.33,-0.33,-0.33,-0.33,-0.25,-0.67,-0.67,0.67,1,2,-0.33,-0.5,0.33,-1,0,-1,-0.5,-1,-1,-1,-0.71,Somehow Distatsified
955754,2,1,2,3,6,0,2,-0.33,-0.67,-0.67,-1.33,0,-1.33,-1.75,-2.33,-2.67,-1.67,-2,1,-2.67,-2.25,-2.33,-1.67,-0.67,-1,-1.5,-0.67,-0.33,-2,-1.14,Somehow Satisfied
956121,1,1,2,3,6,3,2.33,1.67,2.33,2,2,2.67,3,2.75,3,3,3,3,3,3,3,3,0,0,0,0,0,0,0,0,satisfied
956595,1,1,1,3,4,0.33,1,-0.33,0.33,0,-0.67,0.67,0,-0.25,0.67,0.67,1,0,1,-1,-1.25,-0.67,-0.33,-0.67,0.75,-0.5,0.67,-0.33,-0.5,-0.43,Somehow Satisfied
957088,2,1,2,3,2,-3,2,-0.67,0.67,-0.33,1,-0.33,-3,-2.75,-2.67,-0.33,-2,0.67,1,-1.67,-1,-1.67,2,2,-0.5,-0.5,-0.67,-0.67,-0.5,-0.29,Somehow Distatsified
960503,1,1,1,3,7,3,3,3,3,3,3,3,2.67,3,3,3,3,3,3,3,3,3,3,3,3,3,3,3,3,3,satisfied
961859,2,1,2,1,5,2,2,2,2,3,2.67,2.33,2.33,2.25,2.33,2,2,1.33,2,3,2.25,2.33,2,2.33,2.25,2.5,3,3,2.5,2.14,satisfied
964761,1,1,2,1,4,0.33,1,0.33,1.33,1,1.33,1.33,1,0.25,1.67,1,1,1.67,1,0.33,0.75,0,0,0,0,0,0,0,0,0,Somehow Satisfied
964888,1,1,1,3,5,2,2,1.33,1.33,0.67,0.33,0.67,-0.67,-0.5,-0.67,0.33,0,0,0,0,0,0,-1.33,0,-0.25,-1,-1.67,-0.33,0,0,Neutral
967110,1,1,2,3,2,2,1,2,1.33,-0.67,0.67,1.33,0,0.5,-0.67,0.33,-0.33,-2.33,-0.33,-1,-0.25,-1.33,-0.33,0.33,-0.5,0.5,0.67,1,-1.75,1.29,Somehow Satisfied
967282,1,1,2,3,7,3,3,1,3,3,3,2,2.67,2.25,3,2.67,3,3,3,3,2.25,3,3,3,3,3,3,3,3,3,satisfied
969841,2,1,2,3,3,2,2,1.33,2,2,2,2,2,2,2,2,2,2,2,2,2,2,2,2,2,2,2,2,2,2,satisfied
969944,2,1,2,3,6,2.33,2,1.67,0.67,2,2,1.33,-0.33,0.75,1,2,1.67,2,2.33,1.67,2,1,1,0.67,2.25,1,2,1.67,2.25,1.71,satisfied
970703,1,1,1,3,7,0.33,1,1,3,2,3,3,3,3,3,3,3,3,3,1,0.75,1.33,2,1.67,2,2,2,2,1.5,0.57,satisfied
971006,1,1,1,1,7,2.33,2.33,3,2.33,1.33,3,2,2.67,3,2.67,2.67,2,3,1.67,2,2.5,2.33,2.33,2.33,2.5,2.5,2.67,2.33,2.25,2.71,satisfied
973312,2,1,2,3,7,2,2,1.33,2,1.67,2,2,2,2,2,2,2,2,2,2,2,2,2,2,2,2,2,2,2,2,satisfied
973422,2,1,2,3,4,-0.33,0.33,1,-1.33,-3,-0.33,0.33,-1,-1,-0.67,1,0.33,1,1,-1,-0.75,-0.67,1.67,0.67,1,1.5,0.67,-1,-0.5,1,Neutral
973823,2,1,2,3,1,-0.67,-0.33,-0.33,2.33,1.33,1.67,2.67,1.67,0.25,-0.67,1.67,0,0.67,0,1.67,0.75,-0.33,0.67,0,0.5,1,1,0,1,0.71,Neutral
974941,2,1,2,3,6,0,1.67,1,1,1,1,1,1.33,2,1.67,0.67,0.67,0.33,0.33,0,0,0,0,0,0,0,0,0.33,0,0.14,satisfied
974977,2,1,2,1,7,1,0.67,-0.67,0.33,0,0.67,-0.67,0.67,0.25,0,0.67,0,-0.67,0.67,1,1,1,0.33,0,0,1,1,0.67,0.5,0.86,Somehow Satisfied
977552,2,1,2,3,5,2,3,2.67,2,2,1.33,2,1.67,1.75,1,1.67,2.33,2,3,2,1.75,2,0,0,0,0,0,0.33,0,0,satisfied
977828,2,1,1,3,5,0,1,2,2,2,1,2,1.67,1.75,1,2,2,1,2,1.67,1.75,2,2,2,1.75,2,2,2,1.75,2,satisfied
978687,2,1,1,3,3,1.33,2.33,1.67,1.33,2,2.33,1,1.67,0,0,0.33,0,-1.67,0.33,0,0,0,-1.67,0.33,1,1,2,0.33,1,0.14,satisfied
979497,1,1,2,1,5,2.67,-3,-1.67,-2.67,-3,-0.33,2,-2.67,0.75,1.67,2,0,0,0,0,0,0,0,0,0,0,0,0,0,0,Somehow Distatsified
980150,1,1,2,3,5,3,3,1,3,3,3,3,3,0,1.67,1,3,3,3,3,3,3,3,3,3,3,3,3,3,3,satisfied
982906,1,1,2,3,5,2.33,1.67,2,1.67,2,2.67,1.67,2,2.25,2,2,2,2,2,2,2.25,2,3,1.67,1.75,2,1.67,2.67,2.25,1.57,satisfied
982974,1,1,2,3,5,0,-0.33,-1,1,0.67,-0.67,-0.67,0.67,-0.5,-0.67,-1.33,-0.33,-0.33,0,-2,-1.25,-1.67,-0.33,-1.33,0,-0.5,-1.33,0.33,-0.25,0.43,Somehow Distatsified
983303,2,1,2,1,7,0,0,0,0,0,0,0,0,0,0,0,0,0,0,0,0,0,0,0,0,0,0,0,0,0,Neutral
983322,1,1,2,1,7,1,1.33,1.33,0.33,1.33,1.33,1.67,1.33,2,1,1,1.67,1.67,2,2,1,1.33,1.67,1.33,1.5,0.5,1.67,1,-0.25,1.29,Somehow Satisfied
983367,2,1,2,3,6,0,2,1.33,1,1,0.33,1,1,0,-1.33,0.67,0.33,0,0.33,0,0,0,0.33,-0.67,0.25,0.5,0.33,0,0.25,0.14,Neutral
983827,1,1,2,3,5,0,1.33,1.67,1,1.67,1,1.67,1.33,0.5,0.33,1.33,1,0.67,1.33,1.67,1.5,1.33,1.67,1.33,1.25,2,2,1,1.25,1.57,satisfied
984598,1,1,2,3,1,0.67,2,0,0,0,2,2,-1,1.25,2,1,0,-1,3,0,0,0,0,0,0,0,0,0,0,0,Somehow Satisfied
984910,2,1,3,3,7,0,1,-1,1,1,0.67,0.67,0.67,0.25,-1.67,0.33,0.33,1,1,0,0,0,0,0,0,0,0,0,0,0,Somehow Satisfied
985516,2,1,2,3,1,2,2,0.67,2,2,2,2,2,2,1.33,1,0,0,0,1,1,1,0,0,0,0,1,0,0,0,satisfied
985916,1,1,1,3,5,2,2,2,2,2,2,2,2,2,2,2,2,2,2,2,2,2,2,2,2,2,2,2,2,2,satisfied
986052,1,1,2,1,4,0.67,0.33,-0.33,1.33,1,1.33,1,0.33,0.75,0,0.33,0,0.33,3,-0.33,-0.5,-1,1.67,3,2.5,1.5,0.33,0.33,0.75,0.14,Somehow Satisfied
986455,1,1,2,3,4,-0.67,-0.33,-0.33,0.33,-0.33,-0.33,0.33,-0.33,0,-1,-0.33,0,0.33,0.33,0.33,-1,-0.67,1,0.33,0.25,1,0.67,-0.67,-0.75,0.14,Somehow Distatsified
986461,2,1,2,1,4,0.33,1,-0.33,1.67,1.33,1.33,0.33,0.33,-0.75,-1,-0.33,0.33,0.67,0.67,1,1.25,1,1.33,1,1,0,0.33,0.33,1,1.14,satisfied
986517,1,1,2,3,5,1.33,2,3,-2,-2.67,0.67,1.67,-2.33,1,1.33,1,0,0.67,3,2,1.75,2,3,2,1.75,3,3,2,1.25,2.29,Somehow Satisfied
986919,1,1,1,3,3,1,1,1,1,1,1,1,1,1,1,1,1,1,1,1,1,1,1,1,1,1,1,1,1,1,Somehow Satisfied
987577,1,1,2,3,4,3,3,3,3,3,3,3,3,3,3,3,3,3,3,3,3,3,3,3,3,3,3,3,3,3,satisfied
988066,1,1,2,3,5,1,1.67,-0.33,2,2,2,2,2,2,2,2,2,2,2,0,0,0,1.67,1.33,1.25,2,1.67,3,2.5,2.57,satisfied
988138,1,1,2,1,7,3,3,2.33,3,3,3,1.67,2,-0.5,3,3,3,3,3,2,2.5,3,3,2.67,2.75,3,3,3,3,3,satisfied
988326,1,1,1,3,5,2.33,2.33,1.67,2.33,2.33,1.67,2,2,1.75,2,2,1.67,2,2.67,2,2,2.67,1.67,2.33,2,1.5,3,2,2,2.14,satisfied
989173,1,1,1,1,3,0,0.67,1.33,2,1.67,0,1,1.67,2,1.33,-1,1,1,1,2,0.5,2,2.33,2.67,2.5,1.5,1.33,1.33,2.75,2.43,satisfied
989460,1,1,2,3,6,2.33,2.67,2.67,2.67,2.67,2.33,2.67,2.67,2.75,2,2.67,2.67,3,2.67,2.67,2,2.67,3,2.67,2.25,3,3,2.33,2,2.86,satisfied
993114,1,1,2,3,5,0,0,0,0,0,0,0,0,0,0,0,0,0,0,0,0,0,0,0,0,0,0,0,0,0,Neutral
995171,1,1,2,1,7,2,1.33,1,0.67,1.67,1,0.33,0.67,1,0,1,0.67,1,2.67,0,0,0,0,0,0,0,0,0,0,0,satisfied
995210,1,1,1,1,5,0,2.67,1.33,2,1.33,1.67,2.33,2,1.5,2.67,0.33,0,2,2,0,0,0,0,0,0,0,0,0,0,0,Somehow Satisfied
995386,1,1,2,1,6,1.67,0.33,0.33,2,1,2,2,2,1.25,1.33,1,0.33,0,2,0.67,0,0,0,0,0,0,0,0,0,0,Somehow Satisfied
995512,1,1,2,3,5,1.67,0,-1,0.33,0.67,-1.67,-1,-1.33,-2,-2.33,0.67,-1,-2,1,-2.33,-3,-2.67,1.33,0.67,0.25,0,-0.33,-1.33,-3,-0.43,Dissatisfied
996535,1,1,1,3,4,3,2,1.67,1.67,2,1.33,2.33,3,2.25,3,1.67,1,3,2,0.67,0.75,0.33,1.67,0.33,0,0,0.33,1,0,0.14,satisfied
997403,1,1,1,3,3,2,1.33,0.33,1,1.67,1.67,1.67,0.33,1,0.67,0.33,1.33,1,1,0.33,0,1,0.67,0.33,0.25,0.5,0.33,1,0,0.86,satisfied
997647,2,1,2,3,1,1.67,2,2,2,1,3,3,2.33,2.25,1.67,2,2,2,3,2,2,2.33,3,2.67,2.75,2.5,3,2,3,1.29,satisfied
1003485,1,1,2,3,1,-1,-2,-1,-2,-2.33,-1,-1.67,-2,-2,-2,-1,-2.33,-2,0,-1.33,-2,-1.67,-2,-2,-2,-2,-2,0,0,-0.14,Dissatisfied
1004639,1,1,2,3,4,1,1,1,1,1,1,1,1,1,1,1,1,1,1,1,1,1,1,1,1,1,1,1,1,1,Somehow Satisfied
1004986,2,1,3,2,6,1.33,0.67,0.67,0.67,1.33,0.67,0.67,1,1,1,1.33,1.33,1,0.33,0.67,1,1,1.67,1,0.75,0,0.67,1.33,1,0.86,Somehow Satisfied
1005415,1,1,2,3,3,0.33,0.67,0,-1.33,1.67,0,-0.33,0.33,0.75,0.33,-1,1.67,0,1.33,0.67,-1,1.67,2,1,0.75,-1,0.33,0.33,0.5,0.57,Neutral
1007042,1,1,3,3,6,1,1,1,1,1,1,1,1,1,1,1,1,1,1,1,1,1,0,0,0,0,0,0,0,0,Neutral
1007135,1,1,2,3,6,1.67,1,0.33,2,1.67,1.67,2,2,1,1.67,1.67,1.67,1.67,1.67,1.67,2,2.33,1.67,1.67,1.5,1.5,2.33,2.33,2,2.14,satisfied
1007212,2,1,1,1,5,2,1.67,2,1.67,2,1.67,2,2,2,2,2.67,2,2.33,2.67,2,2.5,2.33,1.67,1.67,1.5,1.5,2,2.33,2.25,3,satisfied
1008182,2,1,2,1,7,1,1,1,1,1,1,1,1,1,1,1,0.67,0.33,1,1,1,1,0.67,1,0.5,0.5,1,1,1,1,satisfied
1008494,2,1,2,3,5,0.67,1.67,1.33,-0.67,-0.33,1,1.33,-1,0,0.33,0.33,0,0,1,0.67,0.75,1,3,3,3,3,3,2,2,2.29,satisfied
1008697,2,1,1,3,6,3,2.67,2.33,3,3,3,3,2.33,1.75,1.33,2.67,3,2.67,3,2,1.75,2,2.67,3,2.25,2.5,3,2,2,2,satisfied
1008994,2,1,2,1,1,1,1,1,2,2,2,2,1,1,1,2,2,2,2,2,2,2,2,2,2,2,2,2,2,2,satisfied
1010092,1,1,3,3,7,-0.67,-0.33,-0.33,-0.33,0.67,-1.67,0.33,0,-0.5,1,-0.33,0.67,0.33,0.33,-1,-1.25,-1,0.67,0,0,0,0,-1,-0.75,-0.57,Somehow Satisfied
1010413,1,1,2,3,3,3,3,1.67,3,3,3,3,2.67,3,2.67,2,2.33,2.67,2.33,2.33,1.75,2.67,2,1.67,2.75,2,2.33,2.33,2,2.29,satisfied
1010932,1,1,2,3,5,1.67,1,1.33,1,1,1.67,1,1.33,1,1,1,1,1,1,1,1,1,1,1,1,1,1,1,1,1.14,Somehow Satisfied
1014479,2,1,3,3,1,2.33,0.67,1.67,2,2,1.67,2,2.67,1.75,0.67,2,0.67,0.33,2,0.67,-1,0.33,1,1,0.5,1,1,1,1,1,Somehow Satisfied
1014732,1,1,2,1,5,0,2,1.67,2.67,1.33,2,2,2,0.75,2,1,1.67,2,1.33,2,2,2,1.67,2,2,3,1.67,2.67,2,1.71,satisfied
1015020,1,1,2,3,7,0.67,0,0,3,2,1.67,2.67,1.67,0.5,1.33,1,0,-0.33,-0.67,1.33,1.5,1.33,1.67,1,1.5,1,1,0.67,0,0,satisfied
1015217,1,1,2,3,6,2.67,1,2.33,1.67,1.33,2,2,1,2,2,1,1,2,1,2,1.75,1.67,2,1,1,2,1.67,2,1.25,0.86,Somehow Satisfied
1015290,1,1,2,1,7,3,3,3,3,3,3,3,3,3,3,3,3,3,3,3,3,3,3,3,3,3,3,3,3,3,satisfied
1015989,2,1,1,3,5,1,1.33,0.67,1.67,2,2.33,2.67,0.67,0.75,0.67,1.33,1.33,0.67,2,1,1.25,1.33,2.33,1.33,1.25,1.5,1.67,1.67,1.25,1.43,Somehow Satisfied
1017173,1,1,2,2,5,0,0.33,0.67,1,2.33,0.67,1.33,0.67,1,-0.33,1.33,1.33,2,1.67,0.33,2,1.67,1,0.33,0.75,0.5,1,2,1.5,1.43,satisfied
1017513,1,1,2,3,6,0,1.33,1.33,0.67,1,0.33,0.67,1.67,1.5,1.33,1,0.67,0.67,1,2,0.5,1.33,1,1.33,1.5,1,1,0.67,0.25,0.14,satisfied
1018951,1,1,2,3,3,1,-1,0.33,1,1,0.33,1,1,1.25,1,1.67,1,1,2,1,1,1,1,1,1,1,1,1,1,1,Somehow Satisfied
1021668,1,1,3,3,6,0,0,0,0.67,0,0.33,0,0.67,0,0,0,0,0,0.67,0.33,-0.5,0,0,0,0,0.5,0,0,0,0,Somehow Satisfied
1021729,2,1,2,3,5,1,2,2,2,2,2,1.33,2,1.75,1.33,1,2,1,2,1.33,1,2,1,2,1.5,1.5,1.33,1,1,2,satisfied
1022858,2,1,1,3,5,0.33,0,1,1,0.33,1.33,1.33,1,0.5,0.67,0.67,0.67,0.67,0.33,1,0.75,0.67,0.67,1,0.25,0.5,0.33,1.33,1,0.57,Neutral
1024134,2,1,1,1,7,3,3,3,3,3,3,3,3,3,3,3,3,3,3,3,3,3,3,3,3,3,3,3,3,3,satisfied
1024168,2,1,1,1,6,-0.33,-0.33,-1,2,2,2,2,2.33,2,3,2.33,2,1,2,2,2,2,2,2,2,2,1.67,1,0.5,0,satisfied
1026470,1,1,2,2,4,-0.33,1.33,-2.67,0.67,0.67,0.67,0,-0.33,-1,0,0.67,0.67,1,0,0,-0.25,0,-0.33,-0.67,-0.25,0.5,1,-0.33,0.25,0,Somehow Satisfied
1027536,1,1,2,3,4,0,3,1.33,2.33,2,1.67,2.67,1.67,1.75,2,1.33,2,2,3,1.67,1,2,3,3,2.75,2.5,2.33,1.67,2.25,2,satisfied
1027838,2,1,2,3,4,-2,-2,-2,-2,-2,-2,-2,-2,-2,-2,-2,-2,-2,-2,-2,-2,-2,-2,-2,-2,-2,-2,-2,-2,-2,Dissatisfied
1028546,2,1,1,3,5,0.33,0,-1,0,0,0,0,-1.33,-2,-1.33,0,-1,0,-0.67,-1,-1,-1,-1,-1,-1,-1,-1,0,0,0,Somehow Distatsified
1028599,1,1,2,3,7,-0.33,-0.33,0,0,-1.67,-0.67,0,-1,-0.5,-0.33,0,-1.67,-0.33,1,0.33,-0.5,0,1,0.33,0.25,0,0.67,-0.67,0.25,0.43,Somehow Distatsified
1028828,2,1,2,3,6,0,2,2,2,2,2,2,2,2,2,2,2,0,2,2,2,2,2,2,2,2,2,2,1.5,0.86,satisfied
1029032,2,1,3,3,7,2,2,1.33,2,2,2,2,1.67,0.5,2,2,2,2,2,0,0,0,-1,0,0,0,0,0,0,0.14,satisfied
1029732,2,1,2,3,5,2,2,1.33,-1,-0.33,0,2,-0.67,0.5,1.67,2,0.33,-0.33,2.33,1.33,1.5,1.67,1,2.33,1.5,1.5,1,0.33,0.25,1,satisfied
1029812,2,1,1,3,6,2,2,0.67,2,2,2,2,2,2,2,2,2,2,2,2,2,2,2,2,2,2,2,2,2,2,satisfied
1029831,2,1,2,3,3,2.33,2.67,2.33,2.33,2.33,2.67,2.67,2.33,2.25,1.67,2,2,2.33,2.67,2,1.75,2,2,2.33,2.25,2,2.33,2,1.75,2.14,satisfied
1030716,1,1,2,2,5,0.33,2,1.67,2.33,2,3,3,-0.33,0.75,-1,1.33,-1.67,0.67,3,0.67,-0.75,-0.33,0,0,-0.75,-0.5,1,0.67,1,-0.57,satisfied
1033911,2,1,2,3,4,1,1.67,0.67,1.67,2,1.33,0.33,1.33,-0.25,0,1,1.33,0,2.67,0,0,0.33,0,1.67,1.25,0.5,-0.33,0,0,0.14,satisfied
1033922,1,1,1,3,7,0,0,-0.67,-1,-1,-1,-1,-2,-2,-2,-1,-1,-1,-1,-2,-2,-2,-2,-2,-2,-2,-1.67,-2,-2,-2,Dissatisfied
1033984,1,1,2,2,4,0,-1.33,-1,1.67,0.67,1.33,-0.33,0.67,0.5,1.67,0.67,1.33,0.67,1.33,0.33,0.75,0.33,1.33,1,0.25,1,0.67,1,1,1.43,Somehow Distatsified
1034007,2,1,2,3,7,2,2,2.67,2,2.33,2.33,2,1.33,1.25,1,2,2,2,2,2,2,2,2,2,2,2,2,2,2,2,satisfied
1035483,2,1,2,2,7,2,2,2,2,2,2,2,1,0.5,1,2,2.33,2.33,2,2,2.75,2,2.33,2,2.25,2.5,2,2.33,2,2,satisfied
1035534,1,1,1,3,6,0,0,0,0,0,0,0,0,0,0,0.67,0.33,-1,0,0,-0.5,-0.33,0.67,-0.33,-0.25,-1,-0.33,0,-0.25,-0.29,Neutral
1036152,1,1,2,3,4,2,2,2,3,3,3,3,3,3,3,3,3,3,3,3,3,3,3,3,3,3,3,3,3,3,satisfied
1038275,2,1,2,3,4,0,1,1,2,2,1.67,2,2,1.75,2,1.33,-1,2.33,2,2,2,2,0,1.33,1.75,1,1.67,1.33,0,0.57,satisfied
1038445,2,1,2,3,5,2,2,2,2,2,2,2,2,2,2,2,2,2,2,2,2,2,2,2,2,2,2,2,2,2,satisfied
1038971,1,1,2,3,7,-0.33,1.67,0.33,2,1.67,2,1.67,2.33,1,1.67,1.33,2,1,1,1.67,2.25,1.67,0.67,1,1.75,1.5,2.33,0.67,1.5,1.71,satisfied
1039048,1,1,2,3,4,0.67,0,-0.67,1,0.67,0.67,0.33,0.33,-0.5,-1,1,0.67,1,1,-1,0.5,0,0,0,0,0,0,0,0,0,Somehow Satisfied
1039241,2,1,2,3,6,3,3,3,3,3,3,3,3,3,3,3,3,3,3,3,3,3,3,3,3,3,3,3,3,3,satisfied
1040431,1,1,2,1,3,1.67,1.33,1.33,2,2,2,2,1,1,1,2.67,2.33,2.33,2,2,2,1.67,2.33,2.33,2.5,2.5,2.67,1.33,2,1.43,Somehow Satisfied
1041601,2,1,2,3,4,2,1.67,2.33,1.33,1.67,1.67,2,2,2,2,2.33,2,2,2.67,1,1,1.33,2.67,1.67,2.5,2.5,1.67,1.67,0.75,1.43,satisfied
1042876,1,1,2,3,7,2.67,3,2,2.67,2.67,2.67,3,2.33,2.75,3,3,3,3,3,3,2.75,3,2.67,2,2.75,2.5,2.67,2.67,3,2.43,satisfied
1045902,2,1,2,1,3,2.33,1,0.33,2,2.33,2.67,3,2.67,2.25,2.67,2.67,1.67,1,3,2,2.5,2.33,2,2.67,1.75,2.5,1.67,2,2,2.57,satisfied
1046435,2,1,2,3,5,2,1,0,1,0,1.67,0.33,1,1,1.33,2,1,-0.33,2,0.33,-0.5,1,0,1,0.75,1.5,1.33,1,-0.5,0.86,satisfied
1046484,2,1,3,3,5,2.33,2.33,2,2,1.67,1.67,2.33,2,1.75,2,1.67,1.33,1,2,1.33,1.5,2,2.33,3,2.5,2.5,2.33,3,2,2.43,satisfied
1046550,2,1,2,3,5,0.33,0.67,-0.33,0,0,0.33,0,-1,0.25,-0.67,1.33,-1.33,0,3,-0.67,2,2.33,2.67,2.67,2.5,0.5,0.67,0,2.75,2,Neutral
1046570,2,1,1,2,6,1,2,1.33,2,1.67,1.67,2,2,1.25,2,1.67,0.67,1.67,1.67,1.33,1.75,1,1.33,1.33,1.5,1.5,1.33,2,1.75,1.29,Somehow Satisfied
1046582,2,1,1,3,4,-1,-1,-1,-1,-1,-1,-1,-2,-2,-2,-1,-0.33,-0.33,-0.67,-0.67,-0.5,0,-0.67,-0.33,0,0,0,-0.33,0,-0.29,Somehow Distatsified
1053088,1,1,2,3,5,-1.33,-2.67,-1.67,-2,-2.33,-1,0,-1.67,-1.75,-2,-2.33,-0.33,0.67,1.67,-1,-2,-0.33,-0.67,1,0,0,-1.33,-1.67,-1.25,-0.71,Dissatisfied
1054377,2,1,3,3,3,2,1,1.67,2,1.67,2,2,1.67,1,1,1,1.33,2,1,1.33,0.75,1.67,1.33,1,0.75,1,-0.67,1.67,0.75,1.29,satisfied
1055156,2,1,2,3,5,2.33,2.33,1.33,2.67,2.67,3,2.67,3,2.5,3,3,3,3,3,2.67,3,3,3,3,3,3,3,3,3,3,satisfied
1057447,2,1,1,3,3,2.67,3,3,2.67,0.33,2.67,3,2.67,3,3,1,3,3,3,2,0,1,1.33,3,2.5,2,2.67,2.67,0,0.86,Somehow Distatsified
1057536,1,1,2,3,5,0.33,0,0,0.33,-1.33,0.33,1,0.67,1.75,-0.33,0.67,-0.33,0.33,1.67,1.33,1,2,1,0,0.75,-0.5,1,0.67,0.25,-0.14,Somehow Distatsified
1058688,2,1,2,3,3,1.33,1,0.33,1.33,1.33,1.67,1.33,1.67,1.25,1.33,1.67,1.67,2,2,1.33,0.5,1,1.33,1.33,1,1.5,1.33,2,1.75,1.57,satisfied
1059218,1,1,2,3,1,-1.33,2,2,-1.67,-1.67,1,1,-2,-2,-1,0,-0.33,-0.67,1,0.33,0,0,2,2,1.75,2,2,-0.67,-1.75,-0.86,Somehow Distatsified
1059369,2,1,1,2,4,3,3,3,3,3,3,3,3,3,3,3,3,3,3,3,3,3,2.67,3,3,3,2.67,3,3,3,satisfied
1059390,2,1,3,3,3,3,2,2.33,2,1.33,1.67,2.67,2.33,2.75,3,2.67,2.33,2,3,2.33,3,2.67,2.67,3,1.75,2,1.67,2,2,2,satisfied
1060327,2,1,1,3,6,2.67,2.67,2.67,3,2.67,3,3,3,2.25,1.67,1.67,2.33,3,3,2,1.25,2,2.67,3,2.25,3,2.67,3,2.75,2.14,satisfied
1060462,1,1,3,3,2,0,2,2,0.67,1.67,1.33,2,0.67,2.25,2.67,3,0.33,-2,1.33,-1.67,-2.75,-1.67,3,3,1.25,2,2,1,0.25,1.86,satisfied
1062013,1,1,3,3,5,1,0.67,1.67,2.33,1.67,2.33,0.67,-0.67,0.5,0,1,1,0.67,2,0,1,0.33,0.33,0.33,0,0.5,1,1,0.25,0.43,Somehow Satisfied
1062545,2,1,2,3,3,1,2,1.67,-1.33,-0.33,0,1,-0.33,0.75,0.67,0.33,0,0,1,-0.67,0.75,-0.33,0.67,0,-0.5,0,1,0.67,0.25,0.43,Neutral
1062654,2,1,2,3,7,2,2.33,1.33,2.33,2.33,2,2,2.33,2.25,2,2.33,2.33,2,2,2.33,1.75,2.33,2,1.67,2.5,2.5,1.67,2,2.25,2.14,satisfied
1063652,2,1,1,3,3,-0.67,0,-0.33,2.67,2,2.67,2.33,2,0.5,0.67,1.67,-0.33,0,1.67,0,0.25,0,1.33,2,-0.25,2,-0.33,-1,-0.75,0.29,Neutral
1063971,1,1,2,3,3,3,3,3,3,2.67,3,3,2.67,3,3,3,3,3,3,2.33,2.5,2,3,3,3,3,3,3,2.25,2.71,satisfied
1064825,1,1,1,3,6,-2,-2,-2.67,-1.33,-2,-2,-0.33,-2.33,-2.25,-2,-2,-2,-2,-2,-2,-1.5,-2,-0.67,-0.67,-1,-1,-0.67,-0.67,-1,-0.57,Dissatisfied
1064857,1,1,1,3,4,0.67,0.67,-0.67,0.67,0.67,0.67,0.67,0.33,0.75,0.33,0.33,1,1,1.67,1,0.75,0.67,1,1,0.75,1,1,1,1,0.86,Somehow Satisfied
1064888,1,1,2,3,3,1,1,2,0.33,0,-0.33,1,-1.33,-0.25,-0.67,0,-0.33,0,0,1.67,1,1.33,0.33,1,0.5,0.5,1,0.67,0.5,0.86,Neutral
1065313,1,1,1,3,6,1,2,2,2,2,1.67,2,2,1.75,2,1.67,1.67,1.67,2,2,2,2,2,2,2,2,2,2,2,2,satisfied
1065746,1,1,1,3,5,0,0,0,0,0,0,0,3,3,3,3,-1,2.67,3,0,0,0,0.33,0,0.25,0,0,0,0,0,Neutral
1066008,2,1,2,3,7,-0.33,-0.33,1.33,1.67,1.67,1,0.33,-0.67,-1.5,-0.67,-1.33,1,-0.67,-0.33,-0.33,-1.25,-0.67,2,1.67,1.75,2,1.67,-0.33,1.75,1.14,Somehow Satisfied
1066303,2,1,2,3,3,0,2,0,1.67,0.67,1,1,0,0,0.67,0.33,0,-1,0,1,1,1,0.67,0.33,0.5,1,1,0.33,-0.75,0.71,Somehow Satisfied
1066347,1,1,1,3,3,1,1.67,0,1,1,2,1,0.67,1,1.33,2,1.33,1.33,2,2,2,1.33,-2.67,1,-1.25,-2,-2,-1,-2,0.43,Neutral
1066702,2,1,2,1,2,2,1,2,2,2,2,2,1,2,2,1,1.67,2,2,2,1.5,2,2,2,2,2,2,1,2,2,satisfied
1066861,2,1,2,1,7,0.67,-0.67,-0.67,0.67,0.33,0,0.33,0,0.25,0.33,-1.33,-0.67,0,-1,0,-0.25,0.33,-0.67,0.33,0.75,0,0.33,0.67,0.5,0.43,Neutral
1068167,2,1,2,3,6,0.67,0.67,-1.67,0,0.33,0.33,-0.33,1,1,1,0,0.33,0,0,-1,-1,-1,-1,-1,-1,-1,-1,-1,-1,-1,Neutral
1069171,2,1,2,3,1,0,0.33,-0.67,0.33,-0.67,0,0,0,-0.5,0.67,0,0,0,0,-0.67,-0.25,-0.33,0.33,0,0.25,0,0,-0.33,-0.5,0,Neutral
1069572,1,1,2,3,7,2,2,-0.33,1.33,1.33,1.67,-0.33,1,0.25,1.67,0.33,1.67,2,0.67,0,0,0,0,0.67,0.5,0.5,0.33,0.67,0,0.71,Somehow Satisfied
1069658,1,1,1,3,6,0,0,-1.33,0.67,-0.33,-0.33,0.33,-1.67,-0.5,-1,-1,1,1.33,-0.33,-0.33,0,0,0,0,-0.5,-1,1,0.67,0.25,-0.14,Somehow Distatsified
1069804,2,1,2,1,3,0,1,0,1,-1,0.33,0,-0.33,-0.25,-0.67,0.33,-0.67,0,0.33,0,0,0,-0.33,0.33,0.5,0,0.33,-1,-0.25,0.57,Somehow Distatsified
1069937,2,1,1,3,3,3,2.67,1.67,1.33,-1,2.67,2,0.67,2,3,2.67,2,2,3,1,1,1,-1,1,0.25,-0.5,0.33,1,-1,0.14,Somehow Satisfied
1070125,1,1,2,3,7,1.67,1.67,1.67,1,1,1,1,1,0.5,1.33,1.33,2,1.33,1.67,1.67,2.5,1.33,1,1.67,1.5,1,1.67,1.67,1.75,0.86,satisfied
1070242,2,1,1,2,5,-0.67,-0.33,-0.33,0,0.33,0.33,-0.33,-0.67,-0.75,-1.33,0,0,0,0,0,0.25,-0.33,0,0,0,0,0,0,-1,-0.14,Neutral
1070371,2,1,1,3,7,2,1.67,0.67,1.33,2,1.33,1.33,1.33,0.75,0.33,1.67,1.67,2,2.33,2,1.5,2,1.67,2,1.75,1.5,1.67,1.33,1.5,1.86,satisfied
1070593,1,1,2,3,3,0.33,1.67,1.33,2.33,2,1.33,2,1.67,2,3,2.33,1.33,2,3,2.33,2,1.33,1.67,0.67,1.25,0.5,1.67,1.33,1.25,1.43,Somehow Satisfied
1070778,2,1,1,3,7,0,-0.33,-0.33,0,0,0.67,0.33,-0.33,-0.25,-0.33,-0.33,0,0.67,0,0,-0.5,-0.33,-0.33,0,-0.5,0,-0.33,-0.33,-0.25,-0.14,Neutral
1071532,2,1,2,3,2,3,3,3,2,0.67,2.33,3,3,3,3,3,2.67,3,3,3,3,3,3,3,3,3,3,3,2.75,3,satisfied
1071599,1,1,2,3,2,1,1,-1,1,1,1,-0.33,-0.33,-1,0,0,-1,-1,-1,0,0,0,0,0,0,0,0,0,0,0,Somehow Distatsified
1071624,2,1,1,3,6,2,2,2,2,2,2,2,2,1.75,1.33,2,2,2,2,2,2,2,1.33,2,1.5,2,2,1,1,1.29,satisfied
1071691,2,1,2,3,5,2,1.67,1.33,3,3,2.33,2.33,2.67,2.5,2.33,3,3,2,3,2.33,2.5,2,2,2,2,2,2,2,2,2,satisfied
1071697,1,1,1,2,4,2.67,3,2.33,2.67,2.33,2.67,3,2.67,2.75,2,2.33,3,2.67,3,2.67,3,3,3,3,2.75,2.5,3,3,2,2.43,satisfied
1071931,2,1,2,3,5,1,1.67,2,1.67,2,1.67,1.67,2,2,2,1.33,2,2,2,1,1,1,2,2,1.5,1.5,1,1,1,2,Somehow Satisfied
1072095,1,1,1,3,4,0.67,0.67,-2.67,0.33,0.67,0.33,-0.33,-1.33,-0.75,-0.33,0,0.33,1,1,-3,-3,-3,-1.67,-2,-2,-2.5,-2.33,-2.33,-2,-0.43,Somehow Satisfied
1072103,2,1,2,3,3,3,3,2.33,3,3,3,3,3,2.5,2.33,2.67,3,3,3,3,2.5,3,3,3,3,3,3,3,3,3,satisfied
1072457,2,1,2,3,3,0,2,2.33,2.33,0.67,3,3,1.67,1.75,2,1.33,2,1.67,2,0,0,0.33,0,0,0,0,0,0,0,0,satisfied
1073195,2,1,2,3,7,2.67,3,1.33,3,2.67,2.67,3,3,3,3,3,3,3,3,3,3,3,3,3,3,3,3,2.33,2.5,2.57,satisfied
1074756,2,1,2,3,3,3,2,2.33,3,2.67,3,2.67,3,3,3,2.33,2,3,3,3,3,3,3,3,3,3,3,3,3,3,satisfied
1075390,1,1,2,3,5,2.67,3,1.67,3,3,3,3,3,2.75,2.33,2.67,3,3,3,2.67,2.25,3,2.67,2.33,2.75,3,2.33,3,2.75,2.86,satisfied
1075470,1,1,2,3,1,0,0,0,0,0,0,0,0,0,0,0,0,0,0,0,0,0,0,0,0,0,0,0,0,0,Neutral
1075510,2,1,2,3,4,1,2,0.33,2.33,2.33,2.33,1.67,3,2.25,3,1.67,1.67,1.33,1.33,1,1,1,3,2.33,2,2,2,2.33,2,2.14,Somehow Satisfied
1075552,2,1,2,3,5,-0.33,-0.33,-0.33,-1,0,0,0,-0.33,-0.75,-1,-0.33,-0.33,0,-0.67,-0.33,0.5,-1,0.33,0.33,0.75,0.5,0,-0.33,-1,-0.29,Somehow Distatsified
1075629,1,1,2,3,3,3,3,3,3,3,3,3,3,3,3,3,3,3,3,3,3,3,3,3,3,3,3,3,3,3,satisfied
1075768,2,1,2,3,4,1.67,2.33,2,2,2,2,2,2,1.75,1.33,1.33,2,1,2,1.67,1,1.67,1,0.33,0.25,1,1,1,1,0.71,satisfied
1076589,2,1,2,3,3,2,2,2,2,2,2,2,2,2,2,2,2,2,2,2,2,2,2,2,1.75,2,1.33,1,1,1.57,satisfied
1076652,1,1,1,3,5,1.67,0.67,-1.67,1,1,1,0.33,0.67,-0.25,-0.33,0.67,0.67,1,1,1,1,1,0.67,0.67,0.25,1,1,0.33,1,0.71,Somehow Satisfied
1076678,2,1,1,3,6,1.67,0.67,1.33,1.33,2,1.33,1.33,-1.67,-1.25,-1.33,0.33,0.67,1,1.67,2,2,2,1.33,2,2,2,2,2,0.5,1,satisfied
1076681,2,1,1,3,7,0,-1,0.33,-0.67,-1,1.33,2,0.33,1.25,3,0,-1,1,3,2,0,3,3,3,3,3,3,3,3,3,satisfied
1077463,2,1,2,3,6,2,2,2,2,2,2,2,2,2,2,2,2,2,2,2,2,2,2,2,2,2,2,2,2,2,satisfied
1078003,1,1,2,3,5,0,0.67,-0.67,0,0,0.33,0.67,1,0.5,2.67,0,-0.33,0.33,0,0.33,0.25,0.33,0.67,-0.33,0.25,0,0,-0.33,0.25,0.29,Somehow Satisfied
1078224,2,1,2,3,5,0,1,1,-0.33,-0.67,1,1,3,1,0.33,2,0.67,2,2,2,2.5,1.67,0.67,-0.33,0.25,0.5,0,2.67,1.5,1.57,Somehow Satisfied
1078384,1,1,2,3,2,0,1,0.33,1,0,1,1,1,0.75,0.67,1,1,1,1,1,1,1,1.33,1.33,1.5,1,1,1.33,1.5,1.29,Somehow Satisfied
1078456,1,1,1,2,5,0.33,0,1,2,1.67,2,2,1,1.25,1.67,0.33,-0.67,-0.67,0,1,1,1,1,0.67,1.25,1,1,1.67,1.75,1.43,satisfied
1078462,1,1,2,3,6,2,2.33,1.33,1.67,-0.33,1.67,2,2,2.25,2.33,2,2,1.67,1.67,2.33,1.5,1.67,2,2,2,2,2.33,2,1,1.71,satisfied
1079389,2,1,2,3,3,2.33,1,2,0.33,-1,0,3,-0.33,0.75,0.33,0.33,-1,1,2,-1.67,-2.25,-2,0.67,0.33,1.25,0.5,-1,-1.67,0.25,-0.29,Somehow Satisfied
1080168,1,1,1,3,5,0.67,0.33,0.67,1.33,1.33,1.67,0,0.33,-0.75,-0.67,1,0.67,0,1,0,0.25,0,0,0,0,0,0,1.67,0.25,0,Neutral
1080901,1,1,2,3,6,0,-3,-0.33,-0.33,-1.67,-3,-1,-2,0,2,0,-3,0,1.67,-3,-3,-3,-3,0,-3,-3,-3,-2.67,-3,-2.57,Dissatisfied
1080995,1,1,2,3,7,1,0,0.67,1,1,0.67,1,1.33,0.5,0.67,-1,0,-0.67,0,0.33,-0.5,0.33,0.33,0.33,1,1.5,0.67,1,0.5,0.14,Neutral
1081063,1,1,2,3,2,1,0.67,0.33,0.67,1.33,0.33,1.67,0.33,0,0.33,-0.67,1.33,-0.33,-0.67,0,0.25,0.33,0,0,0,-1,0.67,0.33,0,0.14,Somehow Satisfied
1081683,1,1,2,3,5,3,2.67,3,2.33,2.33,3,2.67,2.67,2.75,2,3,1.33,3,3,1.33,-0.5,1.33,2.33,1.67,2.25,2,1.67,1.67,0.75,1.86,satisfied
1081686,1,1,2,3,4,0.67,1,-0.33,-0.67,-1.67,0.67,0,-2.33,-0.5,0.67,0,1,1,1.33,0.67,0.75,1.33,1.33,1.33,1.25,1,1,0.67,0.75,1.29,Neutral
1081821,1,1,2,3,5,0.67,1.33,-1.33,1,0.67,0.67,1,1.33,-0.25,0.33,0.67,0.33,0.67,1,1,1,1,1,1.67,1.25,1.5,1.33,1,1.75,1.29,Somehow Satisfied
1082185,2,1,2,3,6,0,1,0,1,1,1,0.67,1,0.25,-0.33,1,1,1,1,0,0,0,0,0,0,0,0,0,0,0,Neutral
1082400,2,1,1,1,4,1,1.67,1.33,2,2,2,2,1.67,1.75,1.33,1,1.67,1.67,2,1.67,2,1.33,1.33,1.67,1.5,1.5,2,2,2,2,Somehow Satisfied
1083124,1,1,2,3,6,2,2,2,2,2,2,2,2,2,2,2,2,2,2,2,2,2,0.67,0.67,0.5,1,0.67,1.33,0,0.86,satisfied
1083168,2,1,1,1,4,0.33,1.67,0.33,0.33,0.67,1,2,-0.67,0.25,-0.33,0.33,1,0.67,2,0.33,-0.5,0.67,1.67,2,1.25,1.5,0.33,-0.67,-0.5,0.57,Somehow Satisfied
1083862,1,1,2,3,6,0,2,2,-1.33,-3,0.67,2,-3,1.25,2,-2.33,-0.33,2,2,2,2,2,2,2,2,2,2,2,2,2,Dissatisfied
1084353,2,1,2,3,5,2,2.67,3,2.67,2.67,2.67,2.67,3,2.5,2.67,2.67,2.67,3,3,2.33,2,2.33,2.33,2.33,2.25,2,2,2,2,2.43,satisfied
1084396,1,1,1,3,3,2,2,2,2.67,2.33,2.67,2.67,3,3,3,2.67,2,2.33,3,2.67,2.5,2.67,3,2.33,2.75,2,2.33,3,2.5,2.57,satisfied
1084798,1,1,2,3,5,0.67,1.67,1.67,1.67,1.33,1.33,1.67,1.67,1.5,1.67,1.33,1.67,1.33,1.67,1.67,1.5,1.33,1.67,1.33,1.25,1.5,1.67,1.67,1.75,1.43,Somehow Satisfied
1084965,1,1,1,3,2,0,2,2,2,2,2,2,1.67,1.5,2.33,2,2,2,2,2,2,2,0.33,1,0.5,1,0.67,-1.33,-1.25,0.57,Somehow Satisfied
1085109,2,1,2,3,6,2,1.67,0.33,1.67,1.33,1,1,0.33,0,-0.67,0.33,1,1,1,1,0,1,0.33,1,0.5,1,1,1,1,1,Somehow Satisfied
1085476,2,1,2,3,4,1,2,1.67,1,0.67,1,1.33,-0.33,-0.25,-0.33,2,1,1,2,1.33,1.75,1,-1.33,0.67,0,1,0.33,-1.67,-1.75,-0.57,Somehow Satisfied
1085720,2,1,2,3,7,1,1.33,-1,2,2,1.33,2,0.33,0.25,1,1,1,0.67,-0.33,0.67,0.75,0.67,1.67,1,1,0.5,0.67,1,1,1,Neutral
1088326,1,1,2,3,6,1,0.67,0.67,1.33,1,1,0.67,1,0.75,0.33,1.33,1,0.67,0.67,1,0.75,1.67,1,1.33,0.75,1.5,0.67,0.67,0.5,1,Neutral
1088516,1,1,2,3,2,0,0,0.33,0.33,-1,0.67,-0.67,0.33,0,1.33,0.33,0.67,0.67,1.33,1,1,1,1,1,1,1,1,1,1,1,Somehow Satisfied
1089128,2,1,2,3,5,1,1,1,1,1,1,1,1,1,1,1,1,1,1,1,1,1,1,1,1,1,1,1,1,1,satisfied
1089202,1,1,1,1,6,3,3,2.67,2.67,2.67,2.67,3,2.33,3,2.67,3,3,2.67,3,2.67,2.5,2.67,3,2.67,2.5,3,3,3,3,2.71,satisfied
1089252,2,1,2,3,2,1,1.33,1.33,-0.67,0.33,0,0,0,1.25,2,0,-0.33,-0.33,0.67,-0.33,0.5,0.67,0.67,0,0.25,1,0,0,-0.75,-0.57,Neutral
1089766,1,1,2,3,3,1.33,0,1.33,-0.67,-0.33,-0.67,-0.33,-2,-0.5,-1,-0.33,-0.33,0,0,0.33,0,-0.33,1,-0.67,0,-0.5,0.33,1,0.25,-0.29,Neutral
1089779,1,1,2,3,7,2,2,2,2,2,2,2,2,2,2,2,2,2,2,2,2,2,2,2,2,2,2,2,2,2,satisfied
1090647,1,1,2,3,6,1,1,1,1,1,1,1,1,1,1,1,1,1,1,1,1,1,1,1,1,1,1,1,1,1,Somehow Satisfied
1090867,2,1,1,1,6,0.67,1.33,-0.67,-0.33,0.33,1.33,1,-1,0.5,-0.33,0.33,1,1.33,3,1.33,1,0.33,1.33,2.67,2.75,2,2,1,0.25,1.14,Somehow Satisfied
1091237,1,1,1,2,5,0,0.67,1,1.33,1,1,1,-0.33,-0.75,-1,1.67,1,1,1.67,0.67,0.75,1,0.33,0.67,0.75,1,0.33,-0.33,0,0,satisfied
1091284,1,1,2,3,5,0.33,2,0.67,1,1,1.33,1.33,1,1.25,1,1.67,1.67,1.33,2,1,1,1.67,2,1.33,1.5,1.5,1.67,1.33,1.75,2,satisfied
1091502,1,1,2,3,2,3,3,3,3,3,3,3,3,3,3,3,3,3,3,3,3,3,3,3,3,3,3,3,3,3,satisfied
1091526,1,1,2,3,1,0,0.33,-0.67,0.33,1,1.33,1,0.33,1,1,1,0,0,3,0,0.75,0,0,0,0,0,0,0,0,0,Somehow Satisfied
1091894,2,1,2,3,5,2.33,2,2.33,2,-0.33,2.67,2.33,2,2.5,0,2.33,-1,2.67,2.67,2.67,2.75,2.67,2.33,2.33,1.75,3,3,2.67,2,1.86,satisfied
1092615,2,1,1,3,4,1,1,1,1,1,1,1,1,1,1,1,1,1,1,1,1,1,1,1,1,1,1,1,1,1,Somehow Satisfied
1092826,2,1,2,4,7,0,-1.33,0.67,0,0,0,0,0,0,0,2,1.67,1.33,1.33,1.67,1.25,0,0,0,-0.25,0,0,0,0,0,Somehow Satisfied
360743,1,2,2,1,5,2,2.33,1.67,2,1,1.33,1.33,0.33,1,-0.33,1,1,1.33,1.33,2,1.75,2.67,1.33,1.67,1.75,1,1.67,2.33,1.75,1.71,satisfied
410450,2,2,3,3,2,2,-0.67,1.33,0.33,-0.33,1,1.67,-0.33,1,1,2,0.67,2,2,1,1,1,1.33,1.67,1,0.5,0.33,1,1,1,Somehow Satisfied
429298,2,2,2,1,4,1,0,-1.33,0,0.67,-0.67,1.33,-0.67,0.5,1.67,-2,0.67,0.33,0,0.67,-1,-0.33,-2.33,0,-0.25,-0.5,-1,-1.67,-1,0,Somehow Distatsified
530516,1,2,3,3,5,0,0,-2,-1.67,-3,-3,1,-3,-3,1.33,-3,-2,2,3,-3,-3,-3,-3,-3,-3,-3,-3,0.67,-3,-0.71,Somehow Distatsified
626582,2,2,2,3,5,-0.33,0.33,-0.33,0.67,0.33,-1,0.33,0.67,0.25,-1.67,-0.67,-1,0,0,0.33,0,0.33,0,0,0,0,0,0,0,0,Neutral
822177,2,2,3,4,5,2,2,2,1.67,1,1.67,1.33,1,1.25,0,1.67,0.33,0,2,1,1,1.33,1.33,0.33,0.25,1,1,1.33,1.25,0.29,satisfied
871118,1,2,2,1,7,0,0,0,0,0,0,0,0,0,0,0,0,0,0,0,0,0,0,0,0,0,0,0,0,0,Neutral
905802,2,2,2,3,5,0.67,1,1.33,1.67,1.67,1.67,2,1.33,1.5,2,2,2,2,2,2,2,2,2,2,2,2,2,2,2,2,satisfied
917503,1,2,2,2,4,0,0,0,1,1,1,1,1,1,1,0.67,0.33,0.67,0.67,0,0,0,0.67,0,0.75,0,0.33,0,0.75,0.43,Neutral
940284,1,2,3,4,5,2.67,2.67,2,2,1.67,2,2,1.67,1.25,1.33,1.33,2.67,2.33,2,1.67,2.25,1.67,1.67,2.67,1.75,2.5,2,1.33,1.75,1.29,Somehow Satisfied
942564,1,2,2,1,3,2,2,2,1,1.33,2,2,1.67,3,2.33,2,0,1.33,0,0,0,0,0,0,0,0,0,0,0,0,Somehow Satisfied
943196,1,2,2,3,6,2,2,2,2,2,2,2,2,2,2,2,2,2,2,2,2,2,2,2,2,2,2,2,2,2,satisfied
987191,2,2,2,3,2,2,1.33,1.67,2.33,2.67,1.67,3,2,3,3,2,1,1.67,3,1.67,1.25,1,0,3,1.5,0,-1.33,2,-2.5,1,satisfied
1019648,1,2,2,1,6,-2,1,2,0.33,1.33,1.33,1,-1.67,1,1.67,0,-1.33,-2,1.67,-1,-0.75,-0.67,0,0,0,0,0,-1,0,0.29,Somehow Distatsified
1032408,2,2,1,3,4,0,2.33,0.33,1.33,2.33,2,1.67,3,2.25,2,2.33,1,0.67,3,2.67,3,2.67,0.67,1.67,0.5,2,2,3,0.5,1.43,satisfied
1039587,1,2,2,3,3,2,2,0.67,1.33,-1,2,2,-0.67,0,0,1,0.67,1,0.67,0.67,-1.75,2.33,3,3,3,3,3,-3,1.5,0,Somehow Satisfied
1053801,1,2,2,3,5,-1,1,1,1,1,-0.33,1,0.33,0.5,1,0.33,1,1,0.67,1,0,1,-0.33,0.67,0.5,0.5,1,-1.67,-2.75,0.14,Somehow Satisfied
1058481,1,2,2,3,5,3,3,3,2.33,2.33,2.67,3,2.67,2.75,3,2.33,2.67,3,3,2,1.75,2,0.67,1,1,1,1.67,0,0,0.57,satisfied
1061626,2,2,3,3,6,2,1.67,-0.33,0.67,-0.67,1.33,1.67,1.33,1,0.33,1.33,-0.67,2,2,0,-0.5,0,0.67,0,0.25,1,2,-1,0.25,0.86,Somehow Satisfied
1068397,1,2,2,3,7,2,2,2,2,2,2,2,2,2,2,2,2,2,2,2,2,2,2,2,2,2,2,2,2,2,satisfied
1084772,1,2,3,2,2,0,0,0,0,0,0,0,0,0,0,0,0,0,0,0,0,0,0,0,0,0,0,0,0,0,Neutral
888723,2,3,2,1,5,0,2,2,2,2,2,2,2,2,2,2,2,2,2,1,-1,1,1.67,1.67,1,1.5,1,2,1.5,1.86,satisfied
1031967,2,3,2,3,3,1,1,-0.33,1,0.67,0,1,1,0.75,0.33,0.33,0.67,1,1.67,0,0.75,0,0,0,0,0,0,0.67,0,0.14,Somehow Satisfied
1081632,2,3,2,3,7,1.33,1,0,1.33,1.33,1,1.67,-1,-1,-1,0.33,0,0.33,1.33,0.67,0.25,0.33,0,0,0,0,0,0,0,0,Somehow Satisfied
547218,1,4,2,3,5,3,3,2.67,3,3,3,3,3,3,3,3,3,3,3,3,3,3,3,3,3,3,3,3,3,3,satisfied
