Global_apparent_power,Global_active_power,Global_reactive_power,Voltage,Global_intensity,Sub_metering_1,Sub_metering_2,Sub_metering_3
4.22,3.7,0.52,235.22,15.8,0,1,17
4.178,3.668,0.51,233.99,15.8,0,1,17
4.172,3.662,0.51,233.86,15.8,0,2,16
4.946,4.448,0.498,232.86,19.6,0,1,17
5.882,5.412,0.47,232.78,23.2,0,1,17
5.702,5.224,0.478,232.99,22.4,0,1,16
5.666,5.268,0.398,232.91,22.6,0,2,17
4.476,4.054,0.422,235.24,17.6,0,1,17
3.666,3.384,0.282,237.14,14.2,0,0,17
3.422,3.27,0.152,236.73,13.8,0,0,17
3.586,3.43,0.156,237.06,14.4,0,0,17
3.266,3.266,0,237.13,13.8,0,0,18
3.728,3.728,0,235.84,16.4,0,0,17
5.894,5.894,0,232.69,25.4,0,0,16
7.706,7.706,0,230.98,33.2,0,0,17
7.026,7.026,0,232.21,30.6,0,0,16
5.174,5.174,0,234.19,22,0,0,17
4.474,4.474,0,234.96,19.4,0,0,17
3.248,3.248,0,236.66,13.6,0,0,17
3.236,3.236,0,235.84,13.6,0,0,17
3.228,3.228,0,235.6,13.6,0,0,17
3.258,3.258,0,235.49,13.8,0,0,17
3.178,3.178,0,235.28,13.4,0,0,17
2.72,2.72,0,235.06,11.6,0,0,17
3.834,3.758,0.076,234.17,16.4,0,0,17
3.294,3.216,0.078,232.79,13.8,0,0,17
3.272,3.194,0.078,231.98,13.6,0,0,16
3.278,3.278,0,232.88,14,0,0,17
3.282,3.282,0,232.52,14,0,0,17
3.292,3.292,0,232.87,14,0,0,16
3.316,3.316,0,233.78,14,0,0,17
3.45,3.37,0.08,233.69,14.4,0,0,17
3.564,3.42,0.144,234.04,14.6,0,0,17
3.552,3.41,0.142,233.93,14.6,0,0,16
3.54,3.4,0.14,233.62,14.4,0,0,17
3.54,3.4,0.14,233.64,14.4,0,0,17
3.528,3.388,0.14,233.26,14.4,0,0,16
3.456,3.37,0.086,233.9,14.4,0,0,17
3.332,3.332,0,233.68,14.2,0,0,17
3.31,3.31,0,232.83,14.2,0,0,17
3.312,3.312,0,233,14.2,0,0,16
3.314,3.314,0,233.08,14.2,0,0,17
3.302,3.302,0,232.69,14.2,0,0,16
3.302,3.302,0,232.91,14,0,0,17
3.3,3.3,0,232.87,14,0,0,17
3.29,3.29,0,232.42,14,0,0,16
3.286,3.286,0,232.31,14,0,0,17
3.282,3.23,0.052,232.79,13.8,0,0,16
3.296,3.218,0.078,233.05,13.8,0,0,17
3.334,3.258,0.076,234.57,13.8,0,0,17
3.34,3.264,0.076,234.79,13.8,0,0,17
3.336,3.26,0.076,234.6,13.8,0,0,17
3.338,3.262,0.076,234.54,13.8,0,0,17
3.34,3.264,0.076,234.6,13.8,0,0,16
3.314,3.238,0.076,233.77,13.8,0,0,17
3.306,3.228,0.078,233.5,13.8,0,0,17
3.3,3.222,0.078,233.27,13.8,0,0,17
3.304,3.226,0.078,233.37,13.8,0,0,16
3.284,3.206,0.078,232.64,13.6,0,0,17
3.268,3.188,0.08,231.95,13.6,0,0,16
3.276,3.196,0.08,232.21,13.6,0,0,17
3.282,3.204,0.078,232.5,13.6,0,0,16
3.31,3.232,0.078,233.63,13.8,0,0,17
3.328,3.254,0.074,234.43,13.8,0,0,17
3.426,3.376,0.05,234.63,14.4,0,0,17
3.42,3.372,0.048,235.05,14.2,0,0,17
3.414,3.366,0.048,234.96,14.2,0,0,17
3.436,3.386,0.05,235.77,14.2,0,0,17
3.642,3.496,0.146,236.76,14.8,0,0,17
3.572,3.426,0.146,234.59,14.6,0,0,17
3.588,3.44,0.148,235.13,14.6,0,0,17
3.586,3.44,0.146,235.14,14.6,0,0,17
3.604,3.454,0.15,235.75,14.6,0,0,17
3.6,3.45,0.15,235.69,14.6,0,0,17
3.634,3.48,0.154,236.86,14.6,0,0,17
3.626,3.474,0.152,236.72,14.6,0,0,17
3.606,3.456,0.15,236.05,14.6,0,0,17
2.002,1.832,0.17,237.54,8.4,0,0,17
2.146,2.044,0.102,237.44,9.4,0,0,18
3.354,3.354,0,237,14,0,0,17
3.356,3.282,0.074,235.55,13.8,0,0,17
3.382,3.308,0.074,236.51,14,0,0,17
3.386,3.314,0.072,236.76,14,0,0,17
3.378,3.306,0.072,237.11,13.8,0,0,17
1.746,1.692,0.054,238.72,7.8,0,0,18
3.412,3.342,0.07,237.66,14,0,0,17
3.424,3.354,0.07,238.2,14,0,0,17
3.406,3.334,0.072,237.46,14,0,0,18
3.402,3.33,0.072,237.36,14,0,0,17
2.804,2.74,0.064,238.13,12,0,0,17
2.886,2.74,0.146,240.44,10.6,0,2,18
2.664,2.524,0.14,240.29,10.4,0,1,17
2.522,2.476,0.046,240.98,10.2,0,2,18
2.532,2.486,0.046,241.5,10.2,0,1,18
2.53,2.484,0.046,241.4,10.2,0,1,18
2.532,2.486,0.046,241.52,10.2,0,2,18
2.524,2.474,0.05,241.6,10.2,0,1,18
2.484,2.484,0,241.15,10.2,0,2,17
2.486,2.486,0,241.25,10.2,0,1,18
2.538,2.492,0.046,241.83,10.2,0,1,18
2.488,2.488,0,241.72,10.2,0,2,18
2.55,2.504,0.046,242.31,10.2,0,1,18
2.56,2.512,0.048,242.73,10.2,0,1,18
2.572,2.522,0.05,243.39,10.2,0,2,18
2.568,2.518,0.05,243.2,10.2,0,1,18
2.548,2.502,0.046,242.24,10.2,0,1,18
2.534,2.488,0.046,241.59,10.2,0,2,18
2.532,2.486,0.046,241.47,10.2,0,1,18
2.53,2.484,0.046,241.39,10.2,0,1,18
2.542,2.494,0.048,242.03,10.2,0,1,18
2.724,2.58,0.144,241.8,10.6,0,2,18
2.772,2.592,0.18,241.46,10.6,0,1,17
2.632,2.544,0.088,242.1,10.4,0,0,18
2.596,2.534,0.062,242.52,10.4,0,0,18
2.598,2.536,0.062,242.76,10.4,0,0,18
2.598,2.536,0.062,242.81,10.4,0,0,18
2.59,2.528,0.062,242.47,10.4,0,0,18
2.584,2.524,0.06,242.2,10.4,0,0,18
2.766,2.608,0.158,242.2,10.8,0,0,18
2.754,2.59,0.164,241.88,10.6,0,0,18
2.76,2.596,0.164,242.22,10.6,0,0,18
2.764,2.598,0.166,242.35,10.6,0,0,18
2.764,2.598,0.166,242.44,10.6,0,0,18
2.756,2.592,0.164,242.19,10.6,0,0,18
2.676,2.558,0.118,242.16,10.6,0,0,18
2.498,2.498,0,242.28,10.2,0,0,18
2.496,2.496,0,242.18,10.2,0,0,18
2.492,2.492,0,241.99,10.2,0,0,18
2.488,2.488,0,242.32,10.2,0,0,18
2.506,2.432,0.074,242.55,10,0,0,18
2.486,2.412,0.074,241.98,9.8,0,0,18
2.438,2.368,0.07,242.26,9.8,0,0,18
2.364,2.31,0.054,242.54,9.4,0,0,18
2.33,2.284,0.046,242.29,9.4,0,0,18
2.314,2.268,0.046,241.42,9.4,0,0,18
2.288,2.288,0,242.49,9.4,0,0,18
2.288,2.288,0,242.49,9.4,0,0,18
2.334,2.288,0.046,242.24,9.4,0,0,18
1.898,1.898,0,242.91,7.8,0,0,18
2.216,2.216,0,242.06,9,0,0,18
2.336,2.172,0.164,241.84,9,0,0,17
2.478,2.326,0.152,242.69,9.6,0,0,18
2.424,2.282,0.142,242.02,9.4,0,0,18
2.306,2.168,0.138,241.19,9,0,0,18
2.31,2.17,0.14,241.39,9,0,0,18
2.32,2.178,0.142,241.87,9,0,0,18
2.348,2.198,0.15,243.04,9,0,0,18
2.366,2.212,0.154,243.89,9,0,0,18
2.384,2.224,0.16,244.73,9,0,0,19
2.612,2.328,0.284,244.41,9.6,0,0,18
2.612,2.318,0.294,243.95,9.4,0,0,18
2.608,2.314,0.294,243.88,9.4,0,0,18
2.588,2.298,0.29,243.06,9.4,0,0,18
2.548,2.27,0.278,241.53,9.4,0,0,18
2.55,2.27,0.28,241.63,9.4,0,0,18
2.624,2.31,0.314,241.56,9.6,0,0,18
2.724,2.342,0.382,241.61,9.8,0,0,18
2.598,2.25,0.348,241.03,9.4,0,0,18
2.838,2.456,0.382,242,10.2,0,0,18
2.958,2.57,0.388,242.68,10.6,0,0,18
3.036,2.64,0.396,243.67,10.8,0,0,18
3.144,2.754,0.39,243.23,11.4,0,0,18
2.706,2.324,0.382,242.8,9.6,0,0,18
2.478,2.206,0.272,243.22,9,0,0,18
2.198,1.946,0.252,243.46,8,0,0,18
2.108,1.888,0.22,243.05,7.8,0,0,18
1.962,1.814,0.148,243.51,7.6,0,0,18
1.63,1.474,0.156,244.13,6,0,0,19
1.636,1.478,0.158,244.23,6,0,0,18
1.922,1.754,0.168,243.83,7.2,0,0,18
1.62,1.466,0.154,243.86,6,0,0,18
1.562,1.408,0.154,243.74,5.8,0,0,18
1.552,1.402,0.15,243.12,5.8,0,0,19
1.544,1.396,0.148,242.7,5.8,0,0,18
1.548,1.4,0.148,242.9,5.8,0,0,18
1.542,1.396,0.146,242.55,5.8,0,0,18
1.546,1.398,0.148,242.78,5.8,0,0,18
1.548,1.4,0.148,242.88,5.8,0,0,18
1.558,1.406,0.152,243.47,5.8,0,0,18
1.572,1.416,0.156,244.3,5.8,0,0,18
1.574,1.418,0.156,244.49,5.8,0,0,18
1.544,1.396,0.148,242.69,5.8,0,0,18
1.568,1.414,0.154,244.13,5.8,0,0,19
1.566,1.412,0.154,244.08,5.8,0,0,18
1.574,1.418,0.156,244.59,5.8,0,0,18
1.582,1.422,0.16,244.98,5.8,0,0,19
1.582,1.422,0.16,245.05,5.8,0,0,18
1.592,1.43,0.162,245.12,5.8,0,0,18
1.844,1.542,0.302,245.01,6.4,0,0,19
1.828,1.528,0.3,244.83,6.2,0,0,18
1.798,1.508,0.29,243.46,6.2,0,0,18
1.788,1.502,0.286,243,6.2,0,0,18
1.758,1.482,0.276,241.52,6.2,0,0,18
1.896,1.548,0.348,241.29,6.6,0,0,18
1.93,1.552,0.378,241.36,6.6,0,0,18
1.934,1.554,0.38,241.53,6.6,0,0,18
1.938,1.556,0.382,241.83,6.6,0,0,17
1.938,1.556,0.382,241.87,6.6,0,0,18
1.954,1.564,0.39,242.72,6.6,0,0,18
1.956,1.564,0.392,242.97,6.6,0,0,18
1.948,1.56,0.388,242.67,6.6,0,0,19
1.886,1.532,0.354,242.47,6.4,0,0,18
1.676,1.446,0.23,242.17,6,0,0,17
1.528,1.386,0.142,241.91,5.6,0,0,18
1.524,1.384,0.14,241.7,5.6,0,0,18
1.536,1.392,0.144,242.42,5.8,0,0,18
1.546,1.398,0.148,242.95,5.8,0,0,18
1.548,1.4,0.148,243.15,5.8,0,0,18
2.092,1.944,0.148,243.01,8,0,0,18
2.176,2.176,0,242.65,8.8,0,0,18
2.362,2.362,0,242.28,9.8,0,0,18
1.928,1.928,0,242.51,8,0,0,18
1.868,1.868,0,243.56,7.6,0,0,19
2.046,2.046,0,243.31,8.4,0,0,18
1.896,1.896,0,243.43,7.8,0,0,18
2.048,2.048,0,243.42,8.4,0,0,18
1.662,1.662,0,244.24,6.8,0,0,18
1.552,1.552,0,244.98,6.2,0,0,19
1.48,1.48,0,244.75,6,0,0,18
1.366,1.366,0,244.53,5.6,0,0,18
1.36,1.36,0,244.56,5.4,0,0,19
1.328,1.328,0,244.84,5.4,0,0,18
1.308,1.308,0,244.56,5.2,0,0,18
1.306,1.306,0,244.52,5.2,0,0,18
1.314,1.314,0,245.28,5.2,0,0,19
1.314,1.314,0,245.16,5.2,0,0,18
1.304,1.304,0,244.35,5.2,0,0,19
1.654,1.48,0.174,243.85,6.2,0,0,18
1.716,1.488,0.228,243.49,6.2,0,1,18
1.714,1.484,0.23,243.65,6,0,2,18
1.714,1.484,0.23,243.88,6,0,1,18
1.842,1.546,0.296,243.72,6.4,0,1,18
1.882,1.55,0.332,243.12,6.4,0,2,18
1.892,1.556,0.336,243.65,6.4,0,1,19
1.88,1.548,0.332,243.03,6.4,0,2,18
1.868,1.54,0.328,242.63,6.4,0,1,18
1.88,1.546,0.334,243.38,6.4,0,1,18
1.878,1.544,0.334,243.43,6.4,0,2,18
1.874,1.54,0.334,243.23,6.4,0,1,18
1.872,1.538,0.334,243.19,6.4,0,2,18
1.744,1.488,0.256,243.52,6.2,0,1,18
1.468,1.378,0.09,243.72,5.6,0,1,19
1.48,1.386,0.094,244.6,5.6,0,2,18
1.482,1.388,0.094,244.97,5.6,0,1,18
1.482,1.388,0.094,245,5.6,0,1,19
1.48,1.386,0.094,244.89,5.6,0,1,18
1.48,1.386,0.094,244.91,5.6,0,2,18
1.476,1.382,0.094,244.58,5.6,0,1,19
1.474,1.382,0.092,244.61,5.6,0,1,18
1.476,1.382,0.094,244.66,5.6,0,1,18
1.472,1.38,0.092,244.57,5.6,0,2,18
1.306,1.306,0,244.48,5.2,0,0,19
1.298,1.298,0,243.74,5.2,0,0,18
1.302,1.302,0,244.06,5.2,0,0,18
1.302,1.302,0,243.98,5.2,0,0,18
1.298,1.298,0,243.72,5.2,0,0,19
1.294,1.294,0,243.31,5.2,0,0,18
1.296,1.296,0,243.44,5.2,0,0,18
1.3,1.3,0,243.91,5.2,0,0,18
1.296,1.296,0,243.48,5.2,0,0,18
1.304,1.304,0,244.14,5.2,0,0,18
1.304,1.304,0,244.21,5.2,0,0,19
1.312,1.312,0,244.94,5.2,0,0,18
1.31,1.31,0,244.81,5.2,0,0,18
1.312,1.312,0,245.06,5.2,0,0,19
1.314,1.314,0,245.21,5.2,0,0,18
1.434,1.388,0.046,245.31,5.6,0,0,18
1.522,1.416,0.106,244.39,5.8,0,0,19
1.514,1.41,0.104,244.18,5.8,0,0,18
1.518,1.412,0.106,244.62,5.8,0,0,18
1.68,1.488,0.192,244.59,6,0,0,19
1.696,1.482,0.214,244.49,6,0,0,18
1.698,1.484,0.214,244.66,6,0,0,18
1.69,1.478,0.212,244.33,6,0,0,18
1.694,1.48,0.214,244.51,6,0,0,19
1.662,1.458,0.204,242.83,6,0,0,18
1.64,1.442,0.198,241.52,6,0,0,18
1.646,1.446,0.2,242.1,6,0,0,18
1.638,1.44,0.198,241.63,6,0,0,17
1.462,1.37,0.092,241.91,5.6,0,0,18
1.282,1.282,0,242.16,5.2,0,0,18
1.282,1.282,0,242.12,5.2,0,0,18
1.276,1.276,0,241.55,5.2,0,0,18
1.42,1.332,0.088,236.96,5.6,0,0,17
1.43,1.34,0.09,237.86,5.6,0,0,17
1.544,1.398,0.146,237.63,5.8,0,0,18
1.618,1.422,0.196,239,6,0,0,17
1.62,1.422,0.198,239.16,6,0,0,18
1.612,1.416,0.196,238.75,6,0,0,17
1.604,1.41,0.194,238.29,5.8,0,0,17
1.612,1.42,0.192,238.11,6,0,0,18
1.608,1.412,0.196,238.83,5.8,0,0,17
1.488,1.29,0.198,238.79,5.6,0,0,17
0.574,0.362,0.212,240.08,1.6,0,0,0
0.54,0.348,0.192,239.77,1.6,0,0,0
0.4,0.29,0.11,239.84,1.2,0,0,0
0.406,0.294,0.112,240.38,1.2,0,0,0
0.4,0.292,0.108,239.8,1.2,0,0,0
0.402,0.292,0.11,240.22,1.2,0,0,0
0.402,0.292,0.11,240.22,1.2,0,0,0
0.42,0.31,0.11,240.36,1.4,0,0,0
0.428,0.318,0.11,240.52,1.4,0,0,0
0.426,0.312,0.114,241.3,1.4,0,0,0
2.52,2.336,0.184,239.09,10.4,30,0,0
2.828,2.632,0.196,239.19,11,40,0,0
2.81,2.616,0.194,239.08,10.8,38,0,0
2.814,2.622,0.192,239.13,11,39,0,0
2.794,2.608,0.186,238.07,10.8,39,0,0
2.804,2.614,0.19,238.66,10.8,39,0,0
2.798,2.61,0.188,238.48,10.8,38,0,0
2.81,2.62,0.19,238.86,11,39,0,0
2.81,2.62,0.19,238.86,11,39,0,0
2.816,2.626,0.19,239.17,11,39,0,0
3.098,2.774,0.324,238.14,11.6,39,0,0
3.222,2.84,0.382,237.85,12,39,0,0
3.242,2.862,0.38,238.82,12,38,0,0
3.196,2.828,0.368,237.56,12,39,0,0
3.222,2.836,0.386,236.35,12,38,0,0
3.35,2.894,0.456,237.37,12.2,39,0,0
3.326,2.876,0.45,236.64,12.2,38,0,0
3.33,2.882,0.448,236.97,12.2,38,0,0
3.332,2.884,0.448,237.15,12.2,38,0,0
1.65,1.178,0.472,239.09,6.6,12,0,0
1.134,0.654,0.48,239.76,3.4,1,0,0
1.562,1.092,0.47,238.97,6.2,7,0,0
3.306,2.866,0.44,236.83,12.2,38,0,0
3.336,2.892,0.444,237.98,12.2,38,0,0
2.974,2.534,0.44,238.19,11.2,35,0,0
0.944,0.576,0.368,239.23,2.8,1,0,0
0.944,0.576,0.368,239.43,2.8,1,0,0
0.948,0.578,0.37,239.95,2.8,1,0,0
0.872,0.584,0.288,240.33,3,1,0,0
0.996,0.604,0.392,240.78,3,0,1,0
0.986,0.6,0.386,239.89,3,0,1,0
0.98,0.596,0.384,239.49,3,0,2,0
0.984,0.6,0.384,239.79,3,0,1,0
0.986,0.6,0.386,240,3,0,1,0
0.99,0.604,0.386,240.48,3,0,2,0
0.99,0.602,0.388,240.78,3,0,1,0
0.988,0.602,0.386,240.71,3,0,2,0
1.02,0.614,0.406,240.61,3,0,1,0
1.062,0.628,0.434,241.22,3.2,0,2,0
1.072,0.634,0.438,241.96,3.2,0,1,0
1.064,0.628,0.436,241.49,3.2,1,1,0
1.068,0.632,0.436,241.55,3.2,0,2,0
1.046,0.62,0.426,240.15,3,1,1,0
1.052,0.622,0.43,240.84,3,0,1,0
1.08,0.69,0.39,241.07,3.2,0,2,0
1.078,0.688,0.39,241.09,3.2,0,1,0
1.064,0.682,0.382,240.06,3.2,0,1,0
1.268,0.822,0.446,239.57,4,0,1,0
1.034,0.652,0.382,240.27,3,0,2,0
1.044,0.656,0.388,241.26,3.2,0,1,0
1.044,0.656,0.388,241.16,3.2,0,1,0
1.132,0.702,0.43,241.68,3.4,0,1,0
1.226,0.732,0.494,241.41,3.6,0,2,0
1.236,0.74,0.496,241.88,3.6,0,1,0
1.234,0.738,0.496,241.88,3.6,0,1,0
1.084,0.682,0.402,242.65,3.2,0,0,0
1.066,0.692,0.374,242.67,3.2,0,0,0
1.052,0.678,0.374,242.43,3.2,0,0,0
1.05,0.672,0.378,242.77,3.2,0,0,0
1.046,0.67,0.376,242.41,3.2,0,0,0
1.05,0.67,0.38,243.15,3.2,0,0,0
0.998,0.648,0.35,243.8,3,0,0,0
0.876,0.6,0.276,243.21,2.6,0,0,0
0.862,0.592,0.27,241.87,2.6,0,0,0
0.856,0.588,0.268,241.64,2.6,0,0,0
0.862,0.59,0.272,242.29,2.6,0,0,0
0.854,0.586,0.268,241.49,2.6,0,0,0
1.074,0.748,0.326,241.34,3.6,0,0,0
0.856,0.584,0.272,241.68,2.6,0,0,0
0.844,0.576,0.268,241.4,2.6,0,0,0
0.84,0.572,0.268,241.09,2.6,0,0,0
0.842,0.578,0.264,240.75,2.6,0,0,0
1.092,0.836,0.256,239.42,4.2,0,0,0
2.154,1.91,0.244,239.33,8,0,0,0
1.05,0.792,0.258,240.19,4,0,0,0
0.846,0.578,0.268,241.76,2.6,0,0,0
0.84,0.576,0.264,241.32,2.6,0,0,0
0.836,0.574,0.262,240.66,2.6,0,0,0
1.256,0.972,0.284,240.92,4.8,0,0,0
1.422,1.17,0.252,239.47,5.6,0,0,0
0.828,0.57,0.258,239.93,2.6,0,0,0
0.828,0.57,0.258,239.87,2.6,0,0,0
0.824,0.568,0.256,239.4,2.6,0,0,0
0.832,0.572,0.26,240.46,2.6,0,0,0
0.838,0.574,0.264,240.86,2.6,0,0,0
0.72,0.528,0.192,241.62,2.4,0,0,0
0.684,0.556,0.128,241.23,2.4,0,0,0
0.664,0.54,0.124,241.81,2.2,0,0,0
0.756,0.586,0.17,241.11,2.6,0,0,0
0.838,0.61,0.228,241.07,2.6,0,0,0
0.842,0.612,0.23,241.74,2.6,0,0,0
0.832,0.606,0.226,240.55,2.6,0,0,0
1.01,0.784,0.226,240.68,3.4,0,0,0
1.498,1.28,0.218,239.59,6,0,0,0
0.84,0.608,0.232,241.97,2.6,0,0,0
0.84,0.606,0.234,242.26,2.6,0,0,0
0.842,0.606,0.236,242.63,2.6,0,0,0
0.84,0.604,0.236,242.83,2.6,0,0,0
0.732,0.56,0.172,242.57,2.4,0,0,0
0.66,0.53,0.13,242.23,2.2,0,0,0
0.778,0.588,0.19,242.15,2.6,0,0,0
0.89,0.63,0.26,241.47,2.8,0,0,0
0.882,0.624,0.258,240.85,2.8,0,0,0
0.876,0.62,0.256,240.78,2.8,0,0,0
0.874,0.618,0.256,240.67,2.8,0,0,0
0.868,0.614,0.254,240.03,2.8,0,0,0
0.87,0.614,0.256,240.31,2.8,0,0,0
0.864,0.61,0.254,239.98,2.8,0,0,0
0.866,0.61,0.256,240.33,2.8,0,0,0
0.872,0.614,0.258,240.7,2.8,0,0,0
1.444,1.19,0.254,240.86,5.8,0,0,0
0.866,0.608,0.258,240.53,2.6,0,0,0
0.87,0.614,0.256,240.4,2.8,0,0,0
0.878,0.62,0.258,240.66,2.8,0,0,0
0.876,0.622,0.254,240.05,2.8,0,0,0
0.874,0.618,0.256,240.28,2.8,0,0,0
0.882,0.63,0.252,240.09,2.8,0,0,0
0.884,0.626,0.258,240.99,2.8,0,0,0
0.878,0.622,0.256,240.89,2.8,0,0,0
0.868,0.614,0.254,240.11,2.8,0,0,0
0.862,0.614,0.248,238.91,2.8,0,0,0
0.856,0.61,0.246,238.21,2.8,0,0,0
0.856,0.608,0.248,238.76,2.8,0,0,0
1.022,0.688,0.334,238.82,3.2,0,0,0
1.038,0.684,0.354,239.65,3.2,0,0,0
1.034,0.682,0.352,239.44,3.2,0,0,0
1.044,0.69,0.354,239.8,3.2,0,0,0
1.06,0.698,0.362,241.13,3.2,0,0,0
1.628,1.268,0.36,241.73,6,0,0,0
0.994,0.642,0.352,242.14,3,0,0,0
0.606,0.394,0.212,241.11,1.8,0,0,0
0.612,0.404,0.208,241.42,1.8,0,0,0
0.506,0.38,0.126,241.06,1.6,0,0,0
0.492,0.378,0.114,241.4,1.6,0,0,0
0.49,0.378,0.112,240.92,1.6,0,0,0
0.494,0.378,0.116,241.4,1.6,0,0,0
0.504,0.382,0.122,242.73,1.6,0,0,0
0.502,0.374,0.128,242.21,1.6,0,0,0
0.5,0.372,0.128,241.44,1.6,0,0,0
0.556,0.428,0.128,241.66,1.8,0,0,0
0.432,0.342,0.09,240.9,1.6,0,0,0
0.276,0.276,0,241.51,1.2,0,0,0
0.274,0.274,0,240.63,1.2,0,0,0
0.312,0.312,0,240.07,1.6,0,0,0
0.472,0.362,0.11,240.81,1.6,0,1,0
0.474,0.362,0.112,241.09,1.6,0,1,0
0.988,0.888,0.1,239.71,4.6,0,2,0
0.474,0.358,0.116,241.88,1.6,0,1,0
0.466,0.354,0.112,241.27,1.6,0,2,0
0.468,0.364,0.104,241.28,1.6,0,1,0
0.47,0.36,0.11,241.63,1.6,0,2,0
0.46,0.35,0.11,240.06,1.6,0,1,0
0.458,0.348,0.11,239.96,1.6,0,1,0
0.432,0.332,0.1,239.79,1.4,0,2,0
0.414,0.32,0.094,240.36,1.4,0,1,0
0.568,0.398,0.17,239.83,1.8,0,1,0
0.878,0.536,0.342,239.37,2.8,0,2,0
0.87,0.518,0.352,240.68,2.6,0,1,0
0.87,0.516,0.354,241.04,2.6,0,1,0
0.864,0.512,0.352,241.03,2.6,0,2,0
0.85,0.504,0.346,240.02,2.6,0,1,0
0.848,0.498,0.35,240.6,2.6,0,1,0
0.826,0.484,0.342,240.97,2.4,0,2,0
0.802,0.472,0.33,240.86,2.4,0,1,0
1.338,1.034,0.304,239.82,5.2,0,1,0
1.158,0.944,0.214,239.51,4.6,0,1,5
1.802,1.596,0.206,239.36,6.6,0,1,18
1.788,1.584,0.204,239.1,6.6,0,2,18
1.774,1.568,0.206,239.22,6.6,0,1,18
1.692,1.538,0.154,240.03,6.4,0,1,18
1.592,1.502,0.09,239.88,6.2,0,0,18
1.612,1.516,0.096,241.48,6.2,0,0,18
1.598,1.504,0.094,240.77,6.2,0,0,18
1.578,1.482,0.096,241.15,6,0,0,17
1.508,1.408,0.1,241.67,5.8,0,0,18
1.482,1.39,0.092,240.28,5.8,0,0,18
1.468,1.382,0.086,239.26,5.8,0,0,18
1.484,1.404,0.08,240.52,5.8,0,0,17
1.486,1.406,0.08,240.66,5.8,0,0,18
1.49,1.408,0.082,241.01,5.8,0,0,18
1.508,1.42,0.088,242.26,5.8,0,0,18
1.51,1.424,0.086,242.4,5.8,0,0,18
2.036,1.958,0.078,241.83,8.4,0,0,18
1.504,1.422,0.082,241.9,5.8,0,0,18
1.494,1.416,0.078,241.13,5.8,0,0,18
1.5,1.422,0.078,241.13,5.8,0,0,17
1.574,1.458,0.116,240.53,6,0,0,18
1.654,1.47,0.184,240.08,6.2,0,0,18
1.646,1.464,0.182,239.61,6,0,0,17
1.65,1.474,0.176,239.83,6.2,0,0,18
1.666,1.486,0.18,240.84,6.2,0,0,18
1.676,1.492,0.184,241.63,6.2,0,0,18
1.686,1.498,0.188,242.2,6.2,0,0,18
1.678,1.492,0.186,241.79,6.2,0,0,18
1.674,1.482,0.192,241.03,6.2,0,0,17
1.612,1.458,0.154,241.41,6,0,0,18
1.506,1.416,0.09,241.34,5.8,0,0,18
1.496,1.408,0.088,240.54,5.8,0,0,18
1.504,1.414,0.09,241.13,5.8,0,0,18
1.518,1.424,0.094,241.87,5.8,0,0,17
2.052,1.964,0.088,241.14,8.6,0,0,18
1.364,1.364,0,241.93,5.6,0,0,18
1.328,1.328,0,241.04,5.4,0,0,18
1.324,1.324,0,240.78,5.4,0,0,18
1.324,1.324,0,240.99,5.4,0,0,17
1.33,1.33,0,241.57,5.4,0,0,18
1.33,1.33,0,241.61,5.4,0,0,18
1.328,1.328,0,241.21,5.4,0,0,18
1.33,1.33,0,241.42,5.4,0,0,18
1.324,1.324,0,240.92,5.4,0,0,18
1.326,1.326,0,241.13,5.4,0,0,17
1.332,1.332,0,241.64,5.4,0,0,18
1.326,1.326,0,241.04,5.4,0,0,18
1.328,1.328,0,241.68,5.4,0,0,18
1.322,1.322,0,241.12,5.4,0,0,18
1.324,1.324,0,240.94,5.4,0,0,18
1.372,1.372,0,241.42,5.6,0,0,17
1.524,1.432,0.092,241.33,5.8,0,0,18
2.136,2.004,0.132,240.69,8.8,0,0,18
1.696,1.498,0.198,241.68,6.2,0,0,18
1.696,1.498,0.198,241.88,6.2,0,0,18
1.694,1.496,0.198,241.59,6.2,0,0,18
1.692,1.496,0.196,241.37,6.2,0,0,18
1.684,1.49,0.194,240.94,6.2,0,0,17
1.672,1.48,0.192,240.22,6.2,0,0,18
1.69,1.492,0.198,241.45,6.2,0,0,18
1.7,1.5,0.2,241.93,6.2,0,0,18
1.558,1.444,0.114,242.32,6,0,0,18
1.53,1.432,0.098,242.46,5.8,0,0,18
1.526,1.43,0.096,241.93,5.8,0,0,18
1.538,1.44,0.098,242.31,5.8,0,0,18
1.538,1.44,0.098,242.38,5.8,0,0,18
1.546,1.446,0.1,243.02,5.8,0,0,18
1.558,1.454,0.104,243.94,6,0,0,18
1.558,1.454,0.104,244.01,6,0,0,18
1.556,1.452,0.104,243.98,6,0,0,18
2.004,1.906,0.098,243.36,8.2,0,0,19
1.634,1.528,0.106,244.42,6.4,0,0,18
1.588,1.48,0.108,244.28,6,0,0,18
1.562,1.456,0.106,244.61,5.8,0,0,18
1.556,1.452,0.104,244.39,5.8,0,0,19
1.548,1.446,0.102,243.98,5.8,0,0,18
1.534,1.434,0.1,243.39,5.8,0,0,18
1.532,1.434,0.098,243.22,5.8,0,0,18
1.536,1.438,0.098,242.94,5.8,0,0,18
1.53,1.434,0.096,242.11,5.8,0,0,18
1.526,1.432,0.094,241.84,5.8,0,0,18
1.53,1.434,0.096,242.29,5.8,0,0,18
1.516,1.422,0.094,241.56,5.8,0,0,18
1.524,1.428,0.096,242.04,5.8,0,0,18
1.642,1.486,0.156,241.64,6.2,0,0,18
1.688,1.492,0.196,241,6.2,0,0,17
2.412,2.192,0.22,240.95,9.6,0,0,18
1.704,1.5,0.204,242.77,6.2,0,0,18
1.702,1.498,0.204,242.68,6.2,0,0,18
1.696,1.492,0.204,242.85,6.2,0,0,18
1.684,1.484,0.2,242.33,6.2,0,0,18
1.674,1.476,0.198,241.85,6,0,0,18
1.686,1.484,0.202,242.54,6.2,0,0,18
1.534,1.424,0.11,242.21,5.8,0,0,18
1.45,1.394,0.056,242.1,5.6,0,0,18
1.322,1.322,0,241.43,5.4,0,0,18
1.326,1.326,0,241.76,5.4,0,0,18
1.38,1.38,0,241.78,5.6,0,0,18
1.494,1.41,0.084,242.15,5.8,0,0,18
1.482,1.402,0.08,241.33,5.8,0,2,18
1.498,1.414,0.084,242.47,5.8,0,1,18
1.5,1.416,0.084,242.47,5.8,0,2,18
1.508,1.422,0.086,242.86,5.8,0,1,18
1.498,1.414,0.084,242.31,5.8,0,1,18
1.486,1.404,0.082,241.81,5.8,0,2,18
1.482,1.4,0.082,241.84,5.8,0,1,17
1.48,1.398,0.082,241.72,5.8,0,2,18
1.488,1.406,0.082,242.25,5.8,0,1,18
1.498,1.414,0.084,242.62,5.8,0,1,18
1.502,1.418,0.084,242.63,5.8,0,2,18
1.62,1.468,0.152,242.12,6,0,1,18
1.738,1.514,0.224,243.07,6.2,0,1,18
1.746,1.522,0.224,243.38,6.2,0,2,19
1.748,1.522,0.226,243.69,6.2,0,1,18
1.732,1.51,0.222,242.87,6.2,0,1,18
1.83,1.616,0.214,241.65,6.6,0,2,18
2.09,1.824,0.266,241.53,7.6,0,1,18
2.144,1.832,0.312,240.87,7.6,0,1,17
2.148,1.834,0.314,241.22,7.6,0,1,18
2.154,1.836,0.318,241.8,7.6,0,2,18
2.146,1.824,0.322,241.97,7.6,0,1,18
2.138,1.824,0.314,241.64,7.6,0,1,18
2.128,1.828,0.3,242.44,7.6,0,1,18
1.956,1.766,0.19,242.28,7.2,0,0,18
1.948,1.762,0.186,241.47,7.2,0,0,18
1.788,1.698,0.09,241.53,7,0,0,17
1.768,1.688,0.08,241.16,7,0,0,18
1.772,1.69,0.082,241.43,7,0,0,18
1.768,1.686,0.082,241.12,7,0,0,18
1.756,1.678,0.078,240.55,7,0,0,18
1.768,1.686,0.082,241.21,7,0,0,17
1.77,1.688,0.082,241.37,7,0,0,18
1.772,1.688,0.084,241.89,7,0,0,18
1.766,1.684,0.082,241.63,7,0,0,18
1.766,1.684,0.082,241.49,7,0,0,18
1.742,1.666,0.076,239.98,6.8,0,0,18
1.75,1.672,0.078,240.57,6.8,0,0,17
1.744,1.668,0.076,240.35,6.8,0,0,18
1.734,1.66,0.074,239.47,6.8,0,0,18
1.744,1.67,0.074,239.86,6.8,0,0,17
1.74,1.666,0.074,239.63,6.8,0,0,18
1.746,1.67,0.076,239.93,6.8,0,0,17
1.748,1.672,0.076,240.17,7,0,0,18
1.73,1.658,0.072,238.99,6.8,0,0,18
1.71,1.642,0.068,238.31,6.8,0,0,17
1.702,1.636,0.066,237.87,6.8,0,0,17
1.682,1.62,0.062,236.47,6.8,0,0,17
1.678,1.618,0.06,236.23,6.8,0,0,18
1.802,1.678,0.124,237.16,7,0,0,17
1.88,1.704,0.176,237.7,7.2,0,0,17
1.896,1.718,0.178,238.56,7.2,0,0,18
2.254,2.082,0.172,237.74,8.8,0,0,17
2.28,2.102,0.178,238.84,8.8,0,0,17
2.252,2.08,0.172,237.58,8.8,0,0,18
2.086,1.974,0.112,237.32,8.2,0,0,17
1.9,1.9,0,235.33,8,0,0,17
1.926,1.926,0,237.56,8,0,0,17
1.634,1.634,0,240.06,6.8,0,0,18
1.664,1.618,0.046,240.31,6.6,0,0,17
1.872,1.822,0.05,240.06,7.6,0,0,18
1.828,1.78,0.048,239.95,7.4,0,0,18
1.934,1.882,0.052,239.6,7.8,0,0,17
1.93,1.878,0.052,239.48,7.8,0,0,18
1.926,1.874,0.052,238.98,7.8,0,0,17
1.924,1.872,0.052,238.93,7.8,0,0,18
1.916,1.862,0.054,238.62,7.8,0,0,17
1.924,1.87,0.054,238.9,7.8,0,0,18
1.926,1.874,0.052,239.16,7.8,0,0,17
1.928,1.874,0.054,239.07,7.8,0,0,18
1.932,1.88,0.052,239.51,7.8,0,0,17
1.918,1.918,0,239.33,8,0,0,18
2.096,2.016,0.08,239.74,8.4,0,0,17
2.416,2.344,0.072,239.05,9.8,0,0,18
2.168,2.096,0.072,238.8,8.8,0,0,17
2.02,1.952,0.068,237.72,8.2,0,0,18
2.006,1.94,0.066,237.28,8.2,0,0,17
1.12,1.042,0.078,238.56,4.6,0,0,3
0.992,0.91,0.082,238.89,3.8,0,0,0
0.988,0.908,0.08,238.59,3.8,0,0,0
0.992,0.91,0.082,239.01,3.8,0,0,0
1.034,0.938,0.096,239.17,4,0,0,0
1.17,0.986,0.184,239.16,4.2,0,0,0
1.17,0.986,0.184,239.43,4.2,0,0,0
1.164,0.982,0.182,238.98,4.2,0,0,0
1.156,0.976,0.18,238.31,4,0,0,0
1.152,0.974,0.178,237.79,4,0,0,0
1.154,0.974,0.18,238.08,4,0,0,0
1.154,0.974,0.18,238.42,4,0,0,0
1.162,0.978,0.184,239.14,4,0,0,0
1.086,0.948,0.138,240.02,4,0,0,0
1,0.914,0.086,239.98,3.8,0,0,0
1.004,0.916,0.088,240.36,3.8,0,0,0
0.998,0.912,0.086,240.17,3.8,0,0,0
1.002,0.914,0.088,240.53,3.8,0,0,0
1.004,0.916,0.088,240.19,3.8,0,0,0
1.004,0.916,0.088,240.27,3.8,0,0,0
0.994,0.91,0.084,239.08,3.8,0,0,0
1.03,0.946,0.084,239.03,4,0,0,0
1.404,1.322,0.082,238.28,5.4,0,0,0
1.408,1.324,0.084,239.3,5.4,0,0,0
1.172,1.09,0.082,239.08,4.6,0,0,0
0.812,0.724,0.088,239.6,3,0,0,0
0.802,0.72,0.082,237.88,3,0,0,0
0.814,0.728,0.086,239.3,3,0,0,0
0.796,0.716,0.08,238.69,3,0,0,0
0.854,0.772,0.082,238.86,3.2,0,0,0
0.99,0.91,0.08,238.44,3.8,0,0,0
1.104,1.01,0.094,237.55,4.2,0,0,0
1.04,0.96,0.08,238.45,4,0,0,0
1.278,1.162,0.116,238.2,5,0,0,0
1.42,1.274,0.146,238.33,5.4,0,0,0
1.262,1.118,0.144,239.4,4.6,0,0,0
1.308,1.148,0.16,239.37,4.8,0,0,0
1.414,1.182,0.232,238.5,5,0,0,0
1.426,1.192,0.234,239.96,5,0,0,0
1.43,1.198,0.232,240.33,5,0,0,0
1.48,1.252,0.228,239.72,5.4,0,0,0
2.192,1.97,0.222,238.74,8.2,0,0,0
2.25,2.03,0.22,238.79,8.4,0,0,0
2.326,2.008,0.318,238.52,8.4,0,0,0
2.504,2.036,0.468,238.81,8.6,0,1,0
2.368,1.986,0.382,239.99,8.4,0,1,0
2.6,2.238,0.362,238.97,9.4,0,1,0
4.346,3.786,0.56,237.58,16.6,0,2,0
4.866,4.244,0.622,237.15,18.2,0,1,0
4.616,4.046,0.57,237.41,17.4,0,2,0
3.37,2.952,0.418,239.08,12.8,0,1,0
2.862,2.524,0.338,237.9,10.6,0,2,0
2.852,2.516,0.336,237.35,10.6,0,1,0
2.906,2.548,0.358,236.96,10.8,0,1,0
3.304,2.778,0.526,237,11.8,0,2,0
3,2.66,0.34,238.33,11.2,0,1,0
3.216,2.882,0.334,237.69,12.2,0,1,0
3.51,3.128,0.382,237.29,13.2,0,2,0
3.538,3.136,0.402,237.41,13.2,0,1,0
3.526,3.124,0.402,237.58,13.2,0,1,0
3.514,3.11,0.404,237.46,13.2,0,1,0
3.492,3.092,0.4,236.89,13.2,0,2,0
3.506,3.102,0.404,237.41,13.2,0,1,0
3.482,3.084,0.398,236.61,13,0,1,0
3.488,3.088,0.4,236.75,13,0,1,0
3.49,3.09,0.4,236.86,13,0,2,0
3.58,3.14,0.44,236.97,13.4,0,1,0
3.658,3.16,0.498,236.5,13.4,0,1,0
3.64,3.204,0.436,236.81,13.6,0,0,0
3.696,3.308,0.388,236.01,14,0,0,0
4.27,3.898,0.372,235.37,16.6,0,0,11
4.508,4.14,0.368,234.43,17.6,0,0,17
4.59,4.216,0.374,234.94,18,0,0,18
4.592,4.222,0.37,235.84,18,0,0,17
4.766,4.396,0.37,234.75,18.8,0,0,17
4.626,4.334,0.292,234.94,18.4,0,0,17
4.604,4.33,0.274,235.37,18.4,0,0,17
4.604,4.328,0.276,235.41,18.4,0,0,17
4.632,4.352,0.28,236.31,18.4,0,0,17
4.64,4.36,0.28,236.57,18.4,0,0,18
4.764,4.486,0.278,236.06,19,0,0,17
4.646,4.366,0.28,236.75,18.4,0,0,17
4.618,4.342,0.276,236.01,18.4,0,0,17
4.596,4.322,0.274,235.23,18.4,0,0,17
4.63,4.356,0.274,235.92,18.4,0,0,17
4.656,4.376,0.28,236.74,18.4,0,0,17
4.66,4.378,0.282,236.94,18.4,0,0,17
4.702,4.422,0.28,237.01,18.6,0,0,18
4.7,4.418,0.282,236.8,18.6,0,0,17
4.654,4.372,0.282,236.83,18.4,0,0,17
4.638,4.36,0.278,236.62,18.4,0,0,17
4.644,4.364,0.28,236.83,18.4,0,0,17
4.654,4.378,0.276,236.52,18.4,0,0,18
4.672,4.39,0.282,237.42,18.4,0,0,17
4.64,4.36,0.28,236.73,18.4,0,0,17
4.638,4.36,0.278,236.65,18.4,0,0,17
4.566,4.284,0.282,238.24,18,0,0,18
4.444,4.128,0.316,237.91,17.4,0,0,17
4.496,4.124,0.372,236.6,17.4,0,0,17
4.298,4.04,0.258,236.23,17,0,0,17
4.282,4.036,0.246,236.35,17,0,0,17
4.548,4.304,0.244,236.04,18.2,0,0,17
4.64,4.392,0.248,236.91,18.4,0,0,18
4.724,4.476,0.248,237.39,18.8,0,0,17
4.734,4.484,0.25,237.79,18.8,0,0,17
4.74,4.488,0.252,237.74,18.8,0,0,17
4.866,4.64,0.226,237.54,19.4,0,0,18
4.726,4.58,0.146,237.21,19.2,0,0,17
4.706,4.56,0.146,236.77,19.2,0,0,17
4.73,4.584,0.146,237.48,19.2,0,0,17
4.732,4.586,0.146,237.55,19.2,0,0,18
4.752,4.604,0.148,238.17,19.2,0,0,17
4.65,4.504,0.146,237.61,18.8,0,0,17
4.61,4.466,0.144,237.03,18.8,0,0,18
4.236,4.126,0.11,236.59,17.4,0,0,17
4.31,4.108,0.202,237.23,17.2,0,0,17
4.324,4.118,0.206,237.69,17.2,0,0,17
4.33,4.124,0.206,237.99,17.2,0,0,18
4.272,4.078,0.194,237.77,17,0,0,17
4.034,3.834,0.2,238.43,16,0,0,17
4.042,3.84,0.202,238.77,16,0,0,18
4.03,3.83,0.2,238.45,16,0,0,17
4.018,3.82,0.198,238.08,16,0,0,18
4.232,4.03,0.202,237.35,17,0,0,17
4.14,3.922,0.218,238.1,16.4,0,0,17
4.206,3.896,0.31,238.55,16.4,0,0,18
4.208,3.898,0.31,238.44,16.4,0,0,17
4.186,3.882,0.304,238.1,16.2,0,0,18
3.946,3.636,0.31,237.99,15.2,0,0,17
3.716,3.4,0.316,238.46,14.2,0,0,17
3.594,3.274,0.32,238.78,13.8,0,0,18
3.572,3.256,0.316,237.96,13.6,0,0,17
3.488,3.172,0.316,237.96,13.4,0,0,18
3.288,2.972,0.316,237.42,12.6,0,0,17
3.29,2.974,0.316,237.55,12.6,0,0,17
3.276,2.96,0.316,236.95,12.4,0,0,17
3.294,2.976,0.318,237.74,12.6,0,0,18
3.28,2.964,0.316,237.19,12.4,0,0,17
3.12,2.9,0.22,237.15,12.2,0,0,17
3.11,2.894,0.216,237.05,12.2,0,0,17
3.116,2.9,0.216,237.41,12.2,0,0,18
3.106,2.892,0.214,236.97,12.2,0,0,17
3.108,2.894,0.214,237.12,12.2,0,0,17
3.124,2.906,0.218,237.55,12.2,0,0,17
3.084,2.872,0.212,236,12.2,0,0,17
3.142,2.922,0.22,238.5,12.2,0,0,18
3.14,2.92,0.22,238.41,12.2,0,0,17
3.142,2.922,0.22,238.39,12.2,0,0,18
3.172,2.944,0.228,239.53,12.2,0,0,17
3.154,2.932,0.222,238.98,12.2,0,0,18
3.138,2.918,0.22,238.24,12.2,0,0,17
3.13,2.912,0.218,237.95,12.2,0,0,17
2.866,2.756,0.11,238.56,11.6,0,0,18
2.76,2.69,0.07,238.16,11.2,0,0,17
2.734,2.67,0.064,237.08,11.2,0,0,17
2.638,2.638,0,236.87,11.2,0,0,18
2.64,2.58,0.06,236.92,10.8,0,0,17
2.48,2.422,0.058,236.51,10.2,0,0,17
2.478,2.422,0.056,237.85,10.2,0,0,17
2.474,2.474,0,238.53,10.4,0,0,18
2.502,2.502,0,238.07,10.4,0,0,17
2.486,2.486,0,237.39,10.4,0,0,17
2.498,2.498,0,238.11,10.4,0,0,18
2.55,2.504,0.046,238.41,10.4,0,0,17
2.54,2.494,0.046,238.03,10.4,0,0,17
2.502,2.502,0,237.68,10.6,0,0,18
2.486,2.486,0,237.52,10.4,0,0,17
3.196,3.046,0.15,237.15,13,0,0,17
3.004,3.004,0,236.88,12.6,0,0,17
3.25,3.25,0,234.08,13.8,0,0,17
3.4,3.4,0,233.13,14.6,0,0,17
3.44,3.44,0,233.72,14.6,0,0,17
3.844,3.604,0.24,233.88,15.4,0,1,16
3.968,3.682,0.286,234.2,15.8,0,1,17
4.278,4.006,0.272,233.83,17.2,2,1,17
5.052,4.87,0.182,232.59,20.8,1,2,17
3.9,3.732,0.168,234.04,16,1,1,16
3.822,3.65,0.172,234.29,15.6,1,2,17
4.762,4.552,0.21,233.62,19.6,1,1,17
3.866,3.686,0.18,234.36,16,2,1,17
3.486,3.306,0.18,235.19,14,1,2,17
3.426,3.242,0.184,236.13,13.8,1,1,17
3.398,3.216,0.182,235.94,13.6,1,2,17
3.392,3.21,0.182,235.61,13.6,1,1,17
3.348,3.174,0.174,234.05,13.6,2,1,17
3.364,3.186,0.178,234.69,13.6,1,1,17
5.31,5.148,0.162,233.31,22.2,32,2,16
5.194,5.032,0.162,233.07,21.6,37,1,17
5.146,4.984,0.162,232.78,21.4,36,1,17
5.104,4.944,0.16,231.85,21.2,37,2,16
5.124,4.962,0.162,232.35,21.4,36,1,17
5.142,4.978,0.164,232.92,21.4,37,1,16
5.328,5.168,0.16,232.68,22.2,36,1,17
5.522,5.362,0.16,232.75,23,37,1,17
5.662,5.504,0.158,232.5,23.6,36,2,16
5.622,5.408,0.214,232.56,23.2,37,1,17
5.642,5.39,0.252,232.11,23.2,36,1,16
5.64,5.388,0.252,232.36,23.2,36,1,17
4.214,4.018,0.196,234.4,17.8,15,1,17
3.442,3.28,0.162,234.89,14,2,0,17
3.426,3.266,0.16,234.91,14,1,0,16
3.576,3.414,0.162,235.9,14.4,1,0,18
3.758,3.596,0.162,236.17,15.2,1,0,17
3.768,3.6,0.168,235.25,15.4,1,0,17
3.804,3.628,0.176,236,15.4,2,0,17
3.82,3.642,0.178,236.72,15.4,1,0,17
3.672,3.524,0.148,236.98,14.8,1,0,17
3.304,3.244,0.06,237.84,13.6,1,0,17
3.076,3.008,0.068,238.64,12.6,1,0,18
2.868,2.796,0.072,239.34,11.6,2,0,17
2.732,2.732,0,238.41,11.4,1,0,18
2.58,2.58,0,238.55,10.8,1,0,17
2.702,2.702,0,239.66,11.2,1,0,18
2.734,2.734,0,239.37,11.4,1,0,17
2.85,2.85,0,238.7,12,2,0,18
2.85,2.85,0,238.53,12,1,0,17
2.85,2.85,0,238.62,12,1,0,18
2.832,2.832,0,237.6,12,1,0,17
2.804,2.804,0,236.33,11.8,1,0,17
2.818,2.818,0,236.32,12,2,0,17
2.754,2.754,0,235.91,11.6,0,0,17
2.792,2.792,0,235.02,11.8,1,0,17
2.846,2.846,0,233.93,12.2,2,0,17
2.982,2.898,0.084,234.83,12.4,1,0,17
3.076,2.994,0.082,235.26,12.8,1,0,17
2.98,2.896,0.084,235.32,12.4,1,0,17
2.966,2.882,0.084,235.14,12.2,2,0,17
3.442,3.364,0.078,234.94,14.4,1,0,17
3.522,3.434,0.088,235.33,14.6,1,0,17
3.688,3.522,0.166,235.79,15,1,0,17
4.898,4.808,0.09,234.32,21,1,0,17
6.984,6.906,0.078,231.03,30.4,20,0,16
8.02,7.884,0.136,230.39,34.2,36,0,16
7.842,7.698,0.144,231.4,33.2,36,0,17
7.768,7.62,0.148,231.61,32.8,36,0,16
7.75,7.602,0.148,231.24,32.8,36,0,17
7.77,7.62,0.15,231.59,32.8,36,0,16
7.818,7.684,0.134,232.22,33,36,0,17
7.866,7.738,0.128,232.43,33.2,36,0,16
7.688,7.564,0.124,231.67,32.6,36,0,17
7.644,7.524,0.12,230.9,32.6,36,0,16
7.732,7.612,0.12,230.54,33,36,0,16
7.636,7.552,0.084,231.18,32.6,36,0,17
7.39,7.322,0.068,230.76,31.6,35,0,16
7.05,7.05,0,232.33,30.2,36,0,17
6.608,6.608,0,232.31,28.6,31,0,16
4.978,4.978,0,234.74,21.2,0,0,17
4.936,4.936,0,233.69,21,0,0,17
4.97,4.97,0,235.09,21,0,0,17
3.392,3.312,0.08,238.09,14.2,1,0,17
3.146,3.048,0.098,237.75,12.8,0,0,17
4.488,4.432,0.056,235.95,19.2,0,0,17
5.006,4.96,0.046,234.73,21,0,0,17
4.97,4.97,0,235.18,21,0,0,17
4.974,4.896,0.078,235.42,20.8,0,0,17
4.97,4.892,0.078,235.14,20.8,0,0,17
3.504,3.438,0.066,236.64,15,0,0,17
3.252,3.19,0.062,237.52,13.6,0,0,18
5.024,4.948,0.076,235.23,21,0,0,17
5.062,5.062,0,234.57,21.6,0,0,17
5.08,5.01,0.07,234.7,21.2,0,0,16
4.964,4.886,0.078,235.14,20.8,0,0,17
4.154,4.082,0.072,236.22,17.8,0,0,18
2.198,2.142,0.056,237.37,9.2,0,0,5
3.338,3.272,0.066,236.04,14.4,0,0,0
3.932,3.932,0,235.18,16.6,0,0,0
3.992,3.992,0,237.47,16.8,0,0,0
3.998,3.998,0,237.51,16.8,0,0,0
3.98,3.98,0,236.75,16.8,0,0,0
2.81,2.81,0,237.95,12.4,0,0,0
2.208,2.058,0.15,237.13,8.6,0,0,0
4.164,4.008,0.156,236.46,17,0,0,0
4.202,4.05,0.152,235.95,17,0,0,0
4.182,4.03,0.152,235.54,17,0,0,0
4.056,3.906,0.15,235.59,16.6,0,0,0
3.586,3.486,0.1,235.6,15,0,0,0
1.754,1.682,0.072,238,7,0,0,0
2.42,2.35,0.07,238.9,10.6,0,0,0
3.758,3.704,0.054,237.48,15.6,0,0,0
3.744,3.69,0.054,237.23,15.4,0,0,0
3.756,3.702,0.054,237.54,15.6,0,0,0
3.524,3.47,0.054,237.15,14.8,0,0,0
1.754,1.684,0.07,238.25,7,0,0,0
2.59,2.526,0.064,238,11.4,0,0,0
3.762,3.706,0.056,237.8,15.6,0,0,0
3.762,3.706,0.056,238.06,15.4,0,0,0
3.778,3.718,0.06,238.66,15.6,0,0,0
3.21,3.14,0.07,240.17,13.6,0,0,0
1.788,1.704,0.084,241.25,7,0,0,0
2.724,2.656,0.068,239.41,11.8,0,0,0
3.82,3.758,0.062,239.76,15.6,0,0,0
3.822,3.76,0.062,239.98,15.6,0,0,0
3.812,3.75,0.062,239.74,15.6,0,0,0
2.758,2.684,0.074,240.55,12,0,0,0
1.78,1.698,0.082,240.76,7,0,0,0
3.652,3.596,0.056,237.36,15.2,0,0,0
3.69,3.638,0.052,236.75,15.2,0,0,0
3.61,3.55,0.06,238.24,14.8,0,0,0
3.748,3.686,0.062,239.1,15.4,0,0,0
2.008,1.838,0.17,241.1,8.4,0,0,0
1.684,1.628,0.056,241.35,7.2,0,0,0
3.45,3.45,0,239.14,14.4,0,0,0
3.436,3.436,0,238.7,14.4,0,0,0
3.404,3.404,0,237.62,14.2,0,0,0
3.042,3.042,0,238.15,13.2,0,0,0
1.488,1.422,0.066,241.1,6,0,0,0
3.2,3.036,0.164,239.94,13.2,0,0,0
3.692,3.534,0.158,239.48,14.6,0,1,0
3.69,3.536,0.154,239.87,14.6,0,2,0
2.636,2.564,0.072,241.72,11.4,0,1,0
1.526,1.438,0.088,243.64,5.8,0,2,0
2.718,2.644,0.074,242.81,11.6,0,1,0
3.578,3.516,0.062,241.48,14.4,0,1,0
3.376,3.314,0.062,240.99,13.8,0,2,0
3.256,3.192,0.064,241.28,13.2,0,1,0
1.222,1.134,0.088,243.21,4.6,0,2,0
2.172,1.95,0.222,243.13,9,0,1,0
3.626,3.376,0.25,241.49,14,0,1,0
3.682,3.474,0.208,241.2,14.4,0,2,0
3.458,3.262,0.196,241.01,13.8,0,1,0
1.72,1.498,0.222,243.42,6.2,0,1,0
2.358,2.146,0.212,242.35,9.8,0,2,0
3.738,3.546,0.192,240.64,14.6,0,1,0
3.634,3.444,0.19,239.85,14.4,0,1,0
3.424,3.238,0.186,238.72,13.6,0,1,0
2.144,1.938,0.206,240.25,9,0,2,0
1.428,1.204,0.224,242.51,5,0,1,0
3.02,2.82,0.2,240.75,12.2,0,1,0
3.474,3.274,0.2,241.12,13.6,0,1,0
3.47,3.27,0.2,241.22,13.6,0,1,0
3.004,2.876,0.128,242.19,12.2,0,1,0
1.226,1.122,0.104,243.28,4.6,0,0,0
1.884,1.792,0.092,242.17,8.4,0,0,0
3.372,3.236,0.136,239.85,13.4,0,0,0
3.392,3.222,0.17,239.25,13.4,0,0,0
3.62,3.456,0.164,238.76,14.4,0,0,0
2.686,2.506,0.18,240.76,11.2,0,0,0
1.674,1.482,0.192,241.89,6.2,0,0,0
2.79,2.61,0.18,241.26,11.6,0,0,0
3.748,3.572,0.176,241.69,14.8,0,0,0
3.756,3.578,0.178,242.03,14.8,0,0,0
3.652,3.474,0.178,241.46,14.4,0,0,0
1.686,1.484,0.202,243.09,6.2,0,0,0
1.974,1.974,0,243.23,9,0,0,0
3.464,3.402,0.062,241.31,14,0,0,0
3.448,3.386,0.062,240.72,14,0,0,0
3.462,3.402,0.06,241.42,14,0,0,0
1.312,1.312,0,243.9,5.8,0,0,0
1.152,1.152,0,244.81,5.2,0,0,0
3.202,3.154,0.048,243.51,12.8,0,0,0
3.192,3.144,0.048,243.36,12.8,0,0,0
3.18,3.13,0.05,242.73,12.8,0,0,0
1.646,1.646,0,244.79,7.8,0,0,0
1.334,1.334,0,244.36,6.2,0,0,0
3.18,3.132,0.048,242.59,12.8,0,0,0
3.164,3.114,0.05,241.97,12.8,0,0,0
3.17,3.12,0.05,242.33,12.8,0,0,0
1.134,1.134,0,244.04,5,0,0,0
1.744,1.744,0,243.82,8.2,0,0,0
3.188,3.188,0,242.41,13,0,0,0
3.31,3.226,0.084,242.27,13.2,0,0,0
3.09,3.004,0.086,242.01,12.6,0,0,0
1.19,1.086,0.104,243.56,4.4,0,0,0
1.978,1.834,0.144,242.96,8.6,0,0,0
3.466,3.344,0.122,239.52,13.8,0,0,0
3.488,3.366,0.122,239.42,14,0,0,0
3.55,3.428,0.122,239.37,14.2,0,0,0
1.982,1.836,0.146,240.6,8.4,0,0,0
2.046,1.814,0.232,240.82,8.2,0,0,0
3.356,3.166,0.19,240.24,13.2,0,0,0
3.028,2.83,0.198,241.21,11.8,0,0,0
3.132,2.934,0.198,240.89,12.2,0,0,0
1.33,1.104,0.226,243.32,5.8,0,0,0
0.886,0.652,0.234,243.99,2.8,0,0,0
2.782,2.574,0.208,242.24,10.8,0,0,0
2.848,2.64,0.208,242.47,10.8,0,0,0
2.85,2.64,0.21,242.57,10.8,0,0,0
1.634,1.49,0.144,243.22,7.6,0,0,0
0.596,0.468,0.128,243.43,2,0,0,0
2.598,2.5,0.098,240.99,10.4,0,0,0
2.588,2.488,0.1,241.43,10.2,0,0,0
2.574,2.476,0.098,241.06,10.2,0,0,0
1.408,1.31,0.098,241.66,7,0,0,0
0.414,0.32,0.094,243,1.4,0,0,0
2.328,2.328,0,241.25,9.6,0,0,0
2.382,2.316,0.066,241.43,9.6,0,0,0
2.404,2.342,0.062,242.84,9.6,0,0,0
0.564,0.564,0,245.04,3.8,0,0,0
1.008,1.008,0,244.77,5.8,0,0,0
2.396,2.332,0.064,242.16,9.6,0,0,0
2.384,2.318,0.066,241.52,9.6,0,0,0
1.646,1.59,0.056,242.33,7.6,0,0,0
0.228,0.228,0,243.46,1,0,0,0
1.83,1.772,0.058,242.23,8.2,0,0,0
2.39,2.328,0.062,242.24,9.6,0,0,0
2.398,2.338,0.06,242.85,9.6,0,0,0
1.164,1.164,0,244.77,6.4,0,0,0
0.228,0.228,0,245.45,1,0,0,0
2.144,2.09,0.054,243.87,9,0,0,0
2.402,2.344,0.058,243.31,9.6,0,0,0
2.272,2.272,0,242.66,9.4,0,0,0
0.428,0.33,0.098,243.13,1.4,0,0,0
1.432,1.284,0.148,241.7,6.8,0,0,0
2.64,2.468,0.172,240.63,10.2,0,0,0
2.626,2.456,0.17,240.23,10.2,0,0,0
1.718,1.53,0.188,242.01,7.6,0,0,0
0.6,0.394,0.206,243.47,1.8,0,0,0
2.318,2.138,0.18,241.73,9.4,0,0,0
2.654,2.476,0.178,241.74,10.2,0,0,0
2.652,2.474,0.178,241.86,10.2,0,0,0
1.616,1.426,0.19,242.03,7.2,0,0,0
0.46,0.33,0.13,243.37,1.4,0,0,0
2.184,2.108,0.076,241.51,9.2,0,0,0
2.464,2.392,0.072,241.3,9.8,0,0,0
2.474,2.398,0.076,241.79,9.8,0,0,0
1.928,1.846,0.082,241.8,8.4,0,0,0
0.414,0.31,0.104,243.94,1.4,0,0,0
1.776,1.686,0.09,243.58,8,0,0,0
2.484,2.408,0.076,242.34,9.8,0,0,0
2.466,2.392,0.074,241.48,9.8,0,0,0
1.248,1.154,0.094,243.29,6.4,0,0,0
0.562,0.454,0.108,244.74,2.8,0,0,0
2.498,2.42,0.078,242.79,9.8,0,0,0
2.468,2.396,0.072,242,9.8,0,0,0
2.366,2.308,0.058,241.96,9.4,0,0,0
0.434,0.434,0,244.67,3.2,0,0,0
0.692,0.692,0,244.87,4.6,0,0,0
2.396,2.342,0.054,243.63,9.6,0,0,0
2.39,2.336,0.054,243.53,9.6,0,0,0
2.048,1.998,0.05,244.16,8.8,0,0,0
0.216,0.216,0,245.57,0.8,0,0,0
1.222,1.222,0,242.98,6.6,0,0,0
2.366,2.308,0.058,241.83,9.4,0,0,0
2.37,2.312,0.058,242.18,9.4,0,0,0
1.38,1.38,0,243.31,7,0,0,0
0.214,0.214,0,244.95,0.8,0,0,0
2.11,2.11,0,243.46,9,0,0,0
2.47,2.418,0.052,243.92,9.8,0,0,0
2.468,2.416,0.052,243.98,9.8,0,0,0
0.464,0.382,0.082,246.09,2.2,0,0,0
1.14,1.022,0.118,245.7,6,0,0,0
2.8,2.566,0.234,243.79,10.6,0,0,0
2.894,2.582,0.312,243.03,10.6,0,1,0
2.124,1.804,0.32,242.97,8.6,0,1,0
0.806,0.466,0.34,243.83,2.4,0,1,0
2.664,2.416,0.248,242.28,10.2,0,2,0
2.702,2.496,0.206,242.6,10.2,0,1,0
2.712,2.504,0.208,243.17,10.2,0,2,0
0.752,0.508,0.244,245.78,3,0,1,0
1.546,1.316,0.23,244.81,7,0,1,0
2.716,2.506,0.21,243.31,10.2,0,2,0
2.696,2.49,0.206,242.55,10.2,0,1,0
1.84,1.62,0.22,243.38,7.8,0,2,0
0.708,0.468,0.24,245.17,2.6,0,1,0
2.708,2.5,0.208,242.88,10.2,0,1,0
2.712,2.502,0.21,243.44,10.2,0,2,0
2.596,2.384,0.212,243.72,10,0,1,0
0.628,0.386,0.242,245.59,1.8,0,1,0
2.264,2.048,0.216,243.54,9.2,0,2,0
2.698,2.49,0.208,243.1,10.2,0,1,0
2.342,2.132,0.21,242.85,9.4,0,1,0
0.512,0.338,0.174,244.47,1.6,0,1,0
1.86,1.78,0.08,243.9,8.2,0,2,0
2.484,2.41,0.074,243.75,9.8,0,1,0
2.482,2.408,0.074,243.76,9.8,0,1,0
0.448,0.36,0.088,246.12,2.2,0,1,0
1.466,1.466,0,245.05,7.4,0,0,0
2.39,2.34,0.05,243.87,9.6,0,0,0
2.392,2.344,0.048,244.3,9.6,0,0,0
0.734,0.734,0,245.89,4.8,0,0,0
0.854,0.854,0,245.75,5.2,0,0,0
2.416,2.416,0,244.42,9.8,0,0,0
2.478,2.42,0.058,244.42,9.8,0,0,0
1.704,1.636,0.068,245,7.8,0,0,0
0.468,0.382,0.086,246.12,2.4,0,0,0
2.47,2.414,0.056,243.67,9.8,0,0,0
2.466,2.41,0.056,243.85,9.8,0,0,0
1.498,1.426,0.072,245.01,7.2,0,0,0
0.612,0.526,0.086,246.32,3.4,0,0,0
2.656,2.506,0.15,244.2,10.2,0,0,0
2.534,2.446,0.088,244.06,10,0,0,0
1.83,1.732,0.098,244.65,8.2,0,0,0
0.438,0.316,0.122,246.77,1.4,0,0,0
2.496,2.402,0.094,245.49,9.8,0,0,0
2.568,2.472,0.096,245.88,10,0,0,0
1.408,1.296,0.112,246.61,6.8,0,0,0
0.872,0.752,0.12,247.23,4.6,0,0,0
2.554,2.46,0.094,245.3,10,0,0,0
2.546,2.454,0.092,245.16,10,0,0,0
1.568,1.468,0.1,244.46,7.4,0,0,0
0.408,0.302,0.106,243.51,1.2,0,0,0
2.39,2.316,0.074,240.36,9.6,0,0,0
2.44,2.366,0.074,240.46,9.8,0,0,0
2.442,2.368,0.074,240.64,9.8,0,0,0
0.824,0.726,0.098,242.49,4.6,0,0,0
1.49,1.4,0.09,241.71,7.2,0,0,0
2.616,2.542,0.074,240.52,10.4,0,0,0
2.476,2.4,0.076,241.01,9.8,0,0,0
0.664,0.588,0.076,242.94,3.8,0,0,0
1.634,1.588,0.046,241.5,7.6,0,0,0
2.342,2.286,0.056,240.91,9.4,0,0,0
1.928,1.876,0.052,240.93,8.4,0,0,0
0.208,0.208,0,243.23,0.8,0,0,0
2.256,2.202,0.054,241.06,9.2,0,0,0
2.336,2.28,0.056,240.67,9.4,0,0,0
1.596,1.596,0,242.86,7.6,0,0,0
0.33,0.28,0.05,244.98,1.4,0,0,0
2.126,2.072,0.054,242.24,9,0,0,0
2.426,2.376,0.05,241.91,9.8,0,0,0
2.414,2.366,0.048,241.41,9.8,0,0,0
0.56,0.484,0.076,243.94,3.2,0,0,0
1.484,1.422,0.062,242.76,7.2,0,0,0
2.428,2.378,0.05,242.11,9.8,0,0,0
1.936,1.874,0.062,243.45,8.4,0,0,0
0.276,0.276,0,246.06,1.4,0,0,0
2.406,2.36,0.046,244.48,9.6,0,0,0
2.406,2.406,0,243.98,9.8,0,0,0
1.482,1.378,0.104,245.19,7,0,0,0
0.452,0.33,0.122,246.58,1.6,0,0,0
2.53,2.444,0.086,243.54,10,0,0,0
2.504,2.42,0.084,242.99,9.8,0,0,0
1.586,1.49,0.096,243.36,7.4,0,0,0
0.876,0.77,0.106,244.34,4.8,0,0,0
2.514,2.428,0.086,243.37,9.8,0,0,0
2.51,2.424,0.086,243.45,9.8,0,0,0
1.75,1.652,0.098,244.31,7.8,0,0,0
0.656,0.542,0.114,245.42,3.6,0,0,0
2.504,2.418,0.086,243.03,9.8,0,0,0
2.424,2.338,0.086,242.86,9.6,0,0,0
0.418,0.304,0.114,244.73,1.2,0,0,0
2.07,1.98,0.09,242.86,8.8,0,0,0
2.496,2.412,0.084,242.89,9.8,0,0,0
2.498,2.412,0.086,242.99,9.8,0,0,0
1.858,1.764,0.094,243.57,8.2,0,0,0
0.548,0.476,0.072,245.18,3.2,0,0,0
2.376,2.326,0.05,242.94,9.4,0,0,0
2.368,2.316,0.052,242.71,9.4,0,0,0
2.268,2.218,0.05,243.13,9.2,0,0,0
0.21,0.21,0,244.31,0.8,0,0,0
1.868,1.822,0.046,242.95,8.4,0,0,0
2.364,2.312,0.052,242.43,9.4,0,0,0
2.336,2.336,0,242.63,9.6,0,0,0
1.004,0.932,0.072,244.12,5.4,0,0,0
0.964,0.888,0.076,244.86,5.4,0,0,0
2.456,2.402,0.054,243.15,9.8,0,0,0
2.452,2.398,0.054,243.09,9.8,0,0,0
1.804,1.74,0.064,244.27,8.2,0,0,0
0.516,0.434,0.082,245.44,2.8,0,0,0
2.47,2.414,0.056,243.83,9.8,0,0,0
2.462,2.412,0.05,244.38,9.8,0,0,0
1.034,1.034,0,245.73,6,0,0,0
1.034,1.034,0,245.6,6,0,0,0
2.392,2.344,0.048,244.11,9.6,0,0,0
2.472,2.426,0.046,244.08,9.8,0,0,0
1.018,0.908,0.11,245.44,5.4,0,0,0
1.18,1.074,0.106,245.08,6,0,0,0
2.534,2.446,0.088,244.08,10,0,0,0
2.528,2.44,0.088,244,10,0,0,0
1.29,1.186,0.104,244.81,6.4,0,0,0
0.974,0.866,0.108,245.12,5.2,0,0,0
2.506,2.422,0.084,243.07,9.8,0,0,0
2.5,2.416,0.084,243.01,9.8,0,0,0
1.738,1.64,0.098,244.27,7.8,0,0,0
0.616,0.498,0.118,246.33,3.2,0,0,0
2.514,2.428,0.086,243.42,9.8,0,0,0
2.5,2.414,0.086,242.99,9.8,0,0,0
2.512,2.424,0.088,243.6,9.8,0,0,0
0.96,0.85,0.11,245.28,5,0,0,0
1.66,1.564,0.096,243.75,8,0,0,0
2.784,2.706,0.078,241.98,11.2,0,0,0
2.586,2.586,0,242.09,10.6,0,0,0
1.912,1.912,0,243.83,8.6,0,0,0
0.214,0.214,0,246.08,0.8,0,0,0
2.114,2.068,0.046,243.69,9,0,0,0
2.372,2.322,0.05,243.01,9.4,0,0,0
2.334,2.284,0.05,243.16,9.4,0,0,0
0.212,0.212,0,245.27,0.8,0,0,0
1.498,1.498,0,243.93,7.6,0,0,0
2.452,2.398,0.054,243.01,9.8,0,0,0
2.442,2.39,0.052,242.76,9.8,0,0,0
1.716,1.6,0.116,244.52,7.6,0,0,0
0.586,0.372,0.214,245.7,1.6,0,1,0
2.642,2.464,0.178,242.69,10.2,0,1,0
2.656,2.476,0.18,243.17,10.2,0,2,0
2.44,2.256,0.184,243.69,9.6,0,1,0
0.552,0.356,0.196,245.86,1.6,0,2,0
1.968,1.884,0.084,244.62,8.6,0,1,0
2.496,2.42,0.076,243.82,9.8,0,1,0
2.53,2.446,0.084,244.36,10,0,2,0
1.364,1.13,0.234,245.01,6.2,0,1,0
0.984,0.744,0.24,245.23,4.4,0,2,0
2.708,2.5,0.208,242.6,10.2,0,1,0
2.704,2.496,0.208,242.62,10.2,0,1,0
2.704,2.496,0.208,242.78,10.2,0,2,0
0.86,0.62,0.24,245.14,3.8,0,1,0
1.636,1.412,0.224,243.8,7.2,0,1,0
2.708,2.498,0.21,243.17,10.2,0,2,0
2.712,2.5,0.212,243.55,10.2,0,1,0
2.636,2.42,0.216,244.21,10,0,1,0
0.2,0.2,0,239.17,1.2,0,0,0
0.386,0.272,0.114,239.44,1.2,0,0,0
0.384,0.27,0.114,239.63,1.2,0,2,0
0.386,0.27,0.116,240.05,1.2,0,1,0
0.386,0.27,0.116,239.94,1.2,0,2,0
0.386,0.272,0.114,239.81,1.2,0,1,0
0.386,0.27,0.116,239.84,1.2,0,2,0
0.386,0.27,0.116,240.06,1.2,0,1,0
0.386,0.27,0.116,240.11,1.2,0,1,0
0.38,0.268,0.112,239.32,1.2,0,2,0
0.454,0.308,0.146,239.93,1.6,0,1,0
0.56,0.344,0.216,239.64,1.8,0,2,0
0.556,0.342,0.214,239.17,1.6,0,1,0
0.556,0.342,0.214,239.27,1.6,0,1,0
0.554,0.34,0.214,239.33,1.6,0,2,0
0.55,0.336,0.214,239.19,1.6,0,1,0
0.546,0.332,0.214,239.34,1.6,0,1,0
0.544,0.33,0.214,239.49,1.6,0,2,0
0.52,0.32,0.2,238.98,1.6,0,1,0
0.346,0.252,0.094,238.78,1.2,0,0,0
0.418,0.29,0.128,239.25,1.4,0,0,0
0.584,0.36,0.224,239.24,1.8,0,0,0
0.582,0.358,0.224,239.06,1.8,0,0,0
0.578,0.354,0.224,239.11,1.8,0,0,0
0.532,0.334,0.198,240.37,1.6,0,0,0
0.418,0.288,0.13,240.83,1.4,0,0,0
0.414,0.286,0.128,240.35,1.4,0,0,0
0.412,0.284,0.128,240.5,1.4,0,0,0
0.408,0.282,0.126,239.99,1.4,0,0,0
0.412,0.282,0.13,240.69,1.4,0,0,0
0.406,0.28,0.126,240.02,1.4,0,0,0
0.408,0.28,0.128,240.3,1.4,0,0,0
0.408,0.28,0.128,240.54,1.4,0,0,0
0.406,0.278,0.128,240.31,1.4,0,0,0
0.41,0.28,0.13,241.08,1.4,0,0,0
0.412,0.28,0.132,241.18,1.4,0,0,0
0.412,0.28,0.132,241.22,1.4,0,0,0
0.406,0.278,0.128,240.46,1.4,0,0,0
0.41,0.278,0.132,241.08,1.4,0,0,0
0.41,0.278,0.132,241.11,1.4,0,0,0
0.41,0.278,0.132,241.22,1.4,0,0,0
0.216,0.216,0,241.15,1,0,0,0
0.182,0.182,0,240.67,1,0,0,0
0.182,0.182,0,240.51,1,0,0,0
0.182,0.182,0,240.52,1,0,0,0
0.182,0.182,0,240.35,1,0,0,0
0.182,0.182,0,240.17,1,0,0,0
0.182,0.182,0,239.76,1,0,0,0
0.182,0.182,0,240.15,1,0,0,0
0.182,0.182,0,240.2,1,0,0,0
0.182,0.182,0,240.23,1,0,0,0
0.182,0.182,0,240.08,1,0,0,0
0.182,0.182,0,240.08,1,0,0,0
0.182,0.182,0,240.41,1,0,0,0
0.182,0.182,0,240.48,1,0,0,0
0.318,0.252,0.066,240.51,1.4,0,0,0
0.358,0.26,0.098,240.37,1.2,0,0,0
0.356,0.26,0.096,239.97,1.2,0,0,0
0.358,0.26,0.098,240.5,1.2,0,0,0
0.356,0.258,0.098,240.3,1.2,0,0,0
0.354,0.256,0.098,240.12,1.2,0,0,0
0.352,0.254,0.098,240.17,1.2,0,0,0
0.352,0.254,0.098,240.36,1.2,0,0,0
0.352,0.254,0.098,240.33,1.2,0,0,0
0.348,0.252,0.096,240.01,1.2,0,0,0
0.348,0.252,0.096,239.96,1.2,0,0,0
0.344,0.25,0.094,239.3,1.2,0,0,0
0.382,0.272,0.11,240,1.4,0,0,0
0.568,0.352,0.216,240.03,1.8,0,0,0
0.418,0.292,0.126,239.61,1.4,0,0,0
0.414,0.288,0.126,239.7,1.4,0,0,0
0.414,0.288,0.126,239.78,1.4,0,0,0
0.41,0.286,0.124,239.42,1.4,0,0,0
0.408,0.284,0.124,239.39,1.4,0,0,0
0.41,0.284,0.126,239.6,1.4,0,0,0
0.406,0.282,0.124,239.45,1.4,0,0,0
0.404,0.28,0.124,239.54,1.4,0,0,0
0.41,0.282,0.128,240.27,1.4,0,0,0
0.408,0.28,0.128,240.36,1.4,0,0,0
0.408,0.28,0.128,240.31,1.4,0,0,0
0.406,0.278,0.128,240.55,1.4,0,0,0
0.406,0.278,0.128,240.1,1.4,0,0,0
0.406,0.278,0.128,240.21,1.4,0,0,0
0.404,0.278,0.126,239.91,1.4,0,0,0
0.404,0.278,0.126,239.76,1.4,0,0,0
0.4,0.276,0.124,239.64,1.4,0,0,0
0.404,0.276,0.128,240.17,1.4,0,0,0
0.402,0.276,0.126,240.1,1.4,0,0,0
0.212,0.212,0,240.02,1,0,0,0
0.182,0.182,0,239.93,0.8,0,0,0
0.206,0.206,0,239.97,1.2,0,0,0
0.386,0.27,0.116,239.87,1.2,0,1,0
0.386,0.27,0.116,239.95,1.2,0,1,0
0.386,0.27,0.116,240.02,1.2,0,1,0
0.386,0.27,0.116,240.03,1.2,0,2,0
0.39,0.272,0.118,240.72,1.2,0,1,0
0.388,0.27,0.118,240.65,1.2,0,2,0
0.388,0.27,0.118,240.48,1.2,0,1,0
0.386,0.27,0.116,239.94,1.2,0,2,0
0.418,0.292,0.126,240,1.6,0,1,0
0.564,0.346,0.218,240.27,1.8,0,1,0
0.562,0.344,0.218,240.2,1.8,0,2,0
0.564,0.344,0.22,240.57,1.8,0,1,0
0.562,0.342,0.22,240.45,1.8,0,2,0
0.556,0.338,0.218,240.17,1.6,0,1,0
0.556,0.336,0.22,240.61,1.6,0,1,0
0.556,0.334,0.222,240.96,1.6,0,2,0
0.554,0.332,0.222,241.02,1.6,0,1,0
0.512,0.316,0.196,240.49,1.6,0,1,0
0.352,0.252,0.1,240.55,1.2,0,0,0
0.35,0.252,0.098,240.43,1.2,0,0,0
0.352,0.252,0.1,240.62,1.2,0,0,0
0.35,0.252,0.098,240.49,1.2,0,0,0
0.202,0.202,0,240.14,1,0,0,0
0.182,0.182,0,240.65,0.8,0,0,0
0.182,0.182,0,240.57,1,0,0,0
0.182,0.182,0,240.25,1,0,0,0
0.23,0.23,0,240.19,1.2,0,0,0
0.42,0.294,0.126,239.96,1.4,0,0,0
0.418,0.292,0.126,239.95,1.4,0,0,0
0.416,0.29,0.126,239.95,1.4,0,0,0
0.414,0.288,0.126,239.95,1.4,0,0,0
0.412,0.286,0.126,239.78,1.4,0,0,0
0.41,0.284,0.126,239.79,1.4,0,0,0
0.416,0.286,0.13,240.93,1.4,0,0,0
0.414,0.284,0.13,240.77,1.4,0,0,0
0.408,0.282,0.126,239.95,1.4,0,0,0
0.408,0.28,0.128,240.24,1.4,0,0,0
0.406,0.28,0.126,239.99,1.4,0,0,0
0.404,0.278,0.126,239.87,1.4,0,0,0
0.408,0.28,0.128,240.02,1.4,0,0,0
0.404,0.278,0.126,239.85,1.4,0,0,0
0.404,0.278,0.126,239.63,1.4,0,0,0
0.406,0.278,0.128,240.28,1.4,0,0,0
0.406,0.278,0.128,240.45,1.4,0,0,0
0.406,0.278,0.128,240.52,1.4,0,0,0
0.406,0.278,0.128,240.36,1.4,0,0,0
0.406,0.278,0.128,240.17,1.4,0,0,0
0.282,0.226,0.056,240.26,1.2,0,0,0
0.184,0.184,0,240.37,1,0,0,0
0.184,0.184,0,240.72,1,0,0,0
0.184,0.184,0,241.08,1,0,0,0
0.184,0.184,0,242.13,1,0,0,0
0.186,0.186,0,242.31,1,0,0,0
0.212,0.212,0,241.92,1.2,0,0,0
0.368,0.264,0.104,241.54,1.2,0,0,0
0.364,0.262,0.102,241.48,1.2,0,0,0
0.368,0.264,0.104,241.51,1.2,0,0,0
0.366,0.262,0.104,241.48,1.2,0,0,0
0.36,0.26,0.1,240.86,1.2,0,0,0
0.358,0.258,0.1,240.6,1.2,0,0,0
0.358,0.256,0.102,241.05,1.2,0,0,0
0.356,0.256,0.1,240.82,1.2,0,0,0
0.354,0.254,0.1,240.89,1.2,0,0,0
0.354,0.254,0.1,240.9,1.2,0,0,0
0.37,0.27,0.1,240.83,1.4,0,0,0
0.376,0.276,0.1,240.73,1.4,0,0,0
0.362,0.264,0.098,240.44,1.2,0,0,0
0.2,0.2,0,240.36,1,0,0,0
0.184,0.184,0,240.01,1,0,0,0
0.182,0.182,0,240.54,1,0,0,0
0.182,0.182,0,240.71,1,0,0,0
0.182,0.182,0,240.59,1,0,0,0
0.182,0.182,0,240.81,1,0,0,0
0.182,0.182,0,240.59,1,0,0,0
0.35,0.268,0.082,240.4,1.4,0,0,0
0.422,0.294,0.128,240.36,1.4,0,0,0
0.418,0.29,0.128,240.32,1.4,0,0,0
0.414,0.288,0.126,239.72,1.4,0,0,0
0.414,0.288,0.126,240.1,1.4,0,0,0
0.412,0.286,0.126,240.14,1.4,0,0,0
0.412,0.284,0.128,240.25,1.4,0,0,0
0.41,0.284,0.126,240.08,1.4,0,0,0
0.408,0.282,0.126,239.99,1.4,0,0,0
0.406,0.28,0.126,239.94,1.4,0,0,0
0.408,0.28,0.128,240.17,1.4,0,0,0
0.41,0.28,0.13,240.84,1.4,0,0,0
0.404,0.278,0.126,240,1.4,0,0,0
0.404,0.278,0.126,240.03,1.4,0,0,0
0.404,0.278,0.126,239.71,1.4,0,0,0
0.404,0.278,0.126,239.87,1.4,0,0,0
0.452,0.306,0.146,240.12,1.6,0,0,0
0.612,0.364,0.248,240.17,1.8,0,1,0
0.61,0.362,0.248,240.05,1.8,0,1,0
0.61,0.362,0.248,240.15,1.8,0,2,0
0.43,0.288,0.142,240.02,1.4,0,1,0
0.384,0.27,0.114,239.66,1.2,0,1,0
0.384,0.27,0.114,239.35,1.2,0,2,0
0.386,0.27,0.116,239.99,1.2,0,1,0
0.384,0.27,0.114,239.7,1.2,0,2,0
0.552,0.35,0.202,239.72,1.8,0,1,0
0.558,0.342,0.216,239.71,1.8,0,2,0
0.558,0.342,0.216,239.41,1.8,0,1,0
0.554,0.34,0.214,238.96,1.6,0,1,0
0.552,0.338,0.214,239.04,1.6,0,2,0
0.55,0.336,0.214,238.92,1.6,0,1,0
0.542,0.332,0.21,238.23,1.6,0,1,0
0.548,0.332,0.216,239.47,1.6,0,2,0
0.544,0.33,0.214,239.29,1.6,0,1,0
0.542,0.328,0.214,239.45,1.6,0,1,0
0.354,0.254,0.1,239.96,1.2,0,0,0
0.35,0.252,0.098,240.22,1.2,0,0,0
0.35,0.252,0.098,240.18,1.2,0,0,0
0.198,0.198,0,240.38,1,0,0,0
0.182,0.182,0,241.04,0.8,0,0,0
0.184,0.184,0,241.47,1,0,0,0
0.182,0.182,0,240.95,0.8,0,0,0
0.184,0.184,0,241.57,1,0,0,0
0.184,0.184,0,241.32,1,0,0,0
0.184,0.184,0,241.3,1,0,0,0
0.182,0.182,0,240.53,0.8,0,0,0
0.182,0.182,0,240.27,0.8,0,0,0
0.31,0.25,0.06,240.24,1.2,0,0,0
0.42,0.294,0.126,239.97,1.4,0,0,0
0.416,0.29,0.126,239.94,1.4,0,0,0
0.412,0.288,0.124,239.52,1.4,0,0,0
0.41,0.286,0.124,239.75,1.4,0,0,0
0.412,0.286,0.126,240.01,1.4,0,0,0
0.41,0.284,0.126,240.12,1.4,0,0,0
0.41,0.284,0.126,240,1.4,0,0,0
0.408,0.282,0.126,239.98,1.4,0,0,0
0.406,0.28,0.126,239.81,1.4,0,0,0
0.406,0.28,0.126,239.88,1.4,0,0,0
0.404,0.28,0.124,239.67,1.4,0,0,0
0.402,0.278,0.124,239.67,1.4,0,0,0
0.398,0.276,0.122,238.86,1.4,0,0,0
0.402,0.278,0.124,239.43,1.4,0,0,0
0.402,0.278,0.124,239.47,1.4,0,0,0
0.404,0.278,0.126,239.65,1.4,0,0,0
0.402,0.276,0.126,239.86,1.4,0,0,0
0.4,0.276,0.124,239.71,1.4,0,0,0
0.382,0.268,0.114,239.12,1.2,0,0,0
0.182,0.182,0,239.51,1,0,0,0
0.182,0.182,0,239.37,0.8,0,0,0
0.18,0.18,0,238.75,0.8,0,0,0
0.37,0.276,0.094,238.7,1.4,0,0,0
0.356,0.26,0.096,239.61,1.2,0,0,0
0.356,0.26,0.096,239.78,1.2,0,0,0
0.354,0.258,0.096,239.59,1.2,0,0,0
0.354,0.258,0.096,239.65,1.2,0,0,0
0.352,0.256,0.096,239.76,1.2,0,0,0
0.35,0.254,0.096,239.84,1.2,0,0,0
0.35,0.254,0.096,239.66,1.2,0,0,0
0.346,0.252,0.094,238.98,1.2,0,0,0
0.348,0.252,0.096,239.45,1.2,0,0,0
0.346,0.252,0.094,239.15,1.2,0,0,0
0.344,0.25,0.094,239.18,1.2,0,0,0
0.348,0.252,0.096,239.85,1.2,0,0,0
0.182,0.182,0,240.1,1,0,0,0
0.182,0.182,0,239.92,1,0,0,0
0.182,0.182,0,239.43,1,0,0,0
0.182,0.182,0,239.14,0.8,0,0,0
0.18,0.18,0,238.56,0.8,0,0,0
0.182,0.182,0,239.13,1,0,0,0
0.18,0.18,0,238.52,1,0,0,0
0.18,0.18,0,238.63,1,0,0,0
0.18,0.18,0,238.55,1,0,0,0
0.182,0.182,0,239.28,1,0,0,0
0.18,0.18,0,238.78,1,0,0,0
0.314,0.252,0.062,238.32,1.4,0,0,0
0.412,0.292,0.12,238.17,1.4,0,0,0
0.406,0.288,0.118,237.85,1.4,0,0,0
0.408,0.286,0.122,238.57,1.4,0,0,0
0.41,0.286,0.124,239.22,1.4,0,0,0
0.406,0.284,0.122,238.78,1.4,0,0,0
0.406,0.284,0.122,239.02,1.4,0,0,0
0.402,0.282,0.12,238.55,1.4,0,0,0
0.4,0.28,0.12,238.36,1.4,0,0,0
0.402,0.28,0.122,238.71,1.4,0,0,0
0.398,0.278,0.12,238.59,1.4,0,0,0
0.392,0.276,0.116,237.47,1.4,0,0,0
0.396,0.276,0.12,238.14,1.4,0,0,0
0.398,0.276,0.122,238.64,1.4,0,0,0
0.398,0.276,0.122,239.02,1.4,0,0,0
0.556,0.35,0.206,238.79,1.8,0,0,0
0.602,0.362,0.24,238.73,1.8,0,2,0
0.6,0.36,0.24,238.6,1.8,0,1,0
0.598,0.36,0.238,238.15,1.8,0,2,0
0.544,0.338,0.206,237.68,1.8,0,1,0
0.416,0.292,0.124,238.35,1.6,0,2,0
0.556,0.344,0.212,238.56,1.8,0,1,0
0.556,0.344,0.212,238.39,1.8,0,1,0
0.556,0.344,0.212,238.57,1.8,0,2,0
0.554,0.342,0.212,238.42,1.8,0,1,0
0.552,0.34,0.212,238.57,1.6,0,2,0
0.552,0.338,0.214,238.81,1.6,0,1,0
0.55,0.336,0.214,238.97,1.6,0,1,0
0.544,0.332,0.212,238.31,1.6,0,2,0
0.54,0.33,0.21,238.19,1.6,0,1,0
0.544,0.33,0.214,238.95,1.6,0,1,0
0.544,0.328,0.216,239.35,1.6,0,2,0
0.542,0.328,0.214,239.1,1.6,0,1,0
0.346,0.25,0.096,238.73,1.2,0,1,0
0.182,0.182,0,239.1,1,0,0,0
0.182,0.182,0,239.07,0.8,0,0,0
0.506,0.506,0,238.55,2.6,0,0,0
3.32,3.32,0,234.35,16.4,0,0,0
5.486,5.432,0.054,233.27,23.2,0,0,0
4.028,4.028,0,235.27,17.2,0,0,0
3.42,3.42,0,235.47,14.4,0,0,0
1.704,1.704,0,237.49,9,0,0,0
0.692,0.692,0,238.63,3,0,0,0
0.688,0.688,0,238.87,3,0,0,0
0.674,0.674,0,239.04,2.8,0,0,0
0.82,0.82,0,238.9,3.4,0,0,0
1.924,1.924,0,237.79,8.6,0,0,1
2.63,2.558,0.072,237.57,11.2,0,0,18
1.658,1.55,0.108,238.64,6.4,0,0,18
2.152,2.034,0.118,238.02,8.6,0,0,18
2.132,2.016,0.116,237.64,8.4,0,0,17
2.128,2.012,0.116,237.56,8.4,0,0,18
2.13,2.012,0.118,237.92,8.4,0,0,17
2.114,2,0.114,237.4,8.4,0,0,17
2.112,1.996,0.116,237.39,8.4,0,0,18
2.11,1.996,0.114,237.19,8.4,0,0,17
2.136,2.012,0.124,236.64,8.6,0,0,17
2.288,2.072,0.216,237.42,8.8,0,0,17
2.298,2.078,0.22,238,8.8,0,0,18
2.292,2.074,0.218,237.64,8.8,0,0,17
2.288,2.072,0.216,237.49,8.8,0,0,17
2.29,2.072,0.218,237.88,8.8,0,0,18
2.284,2.066,0.218,237.9,8.6,0,0,17
2.284,2.068,0.216,237.6,8.8,0,0,17
2.292,2.072,0.22,237.97,8.8,0,0,18
2.28,2.066,0.214,237.02,8.8,0,0,17
2.292,2.076,0.216,237.8,8.8,0,0,17
2.082,1.99,0.092,237.91,8.4,0,0,18
2.078,1.99,0.088,238.18,8.4,0,0,17
2.066,1.976,0.09,238.2,8.2,0,0,17
2.066,1.974,0.092,238.61,8.2,0,0,18
2.064,1.972,0.092,238.36,8.2,0,0,17
2.066,1.974,0.092,238.43,8.2,0,0,18
1.922,1.922,0,238.46,8,0,0,17
1.9,1.9,0,237.54,8,0,0,17
1.912,1.912,0,238.79,8,0,0,18
1.918,1.918,0,239.01,8,0,0,17
1.926,1.926,0,239.42,8,0,0,18
1.928,1.928,0,239.44,8,0,0,17
1.814,1.814,0,240.18,7.6,0,0,17
0.876,0.876,0,241.17,3.6,0,0,0
0.876,0.876,0,241.2,3.6,0,0,0
0.874,0.874,0,240.56,3.6,0,0,0
0.866,0.866,0,239.49,3.6,0,0,0
0.88,0.88,0,240.07,3.8,0,0,0
0.874,0.874,0,240.22,3.6,0,0,0
0.876,0.876,0,240.91,3.6,0,0,0
0.976,0.976,0,240.61,4.2,0,0,0
1.146,1.146,0,239.75,4.8,0,0,0
0.988,0.988,0,240.24,4.2,0,0,0
1.364,1.364,0,240.04,6,0,0,4
2.064,2.064,0,239.02,8.6,0,0,18
2.044,2.044,0,239.13,8.6,0,0,18
1.932,1.932,0,238.87,8,0,0,18
2.084,2.01,0.074,239.03,8.4,0,0,17
2.146,2.03,0.116,238.38,8.4,0,0,18
2.16,2.046,0.114,237.78,8.6,0,0,17
2.124,2.008,0.116,237.89,8.4,0,0,18
2.128,2.012,0.116,237.76,8.4,0,0,17
2.116,2.002,0.114,237.42,8.4,0,0,17
2.106,1.994,0.112,236.97,8.4,0,0,17
2.128,2.01,0.118,238.31,8.4,0,0,18
2.122,2.004,0.118,238.4,8.4,0,0,17
2.052,1.93,0.122,238.83,8,0,0,18
2.384,2.148,0.236,238.37,9.2,0,0,17
2.248,2.02,0.228,238.81,8.4,0,0,18
2.258,2.038,0.22,238.81,8.6,0,0,17
2.472,2.256,0.216,238.24,9.4,0,0,17
2.464,2.134,0.33,238.52,9,0,0,18
2.398,2.056,0.342,238.61,8.6,0,1,17
2.336,1.994,0.342,238.64,8.4,0,2,18
2.334,1.992,0.342,238.57,8.4,0,1,17
2.004,1.67,0.334,238.55,7.2,0,2,18
1.806,1.476,0.33,238.6,6.2,0,1,17
1.61,1.394,0.216,238.78,5.8,0,1,18
1.58,1.38,0.2,238.31,5.8,0,2,17
1.572,1.374,0.198,238.18,5.8,0,1,17
1.558,1.364,0.194,237.39,5.8,0,2,18
1.566,1.37,0.196,238.09,5.8,0,1,17
1.568,1.37,0.198,238.15,5.8,0,1,17
1.492,1.34,0.152,238.14,5.6,0,2,18
1.39,1.296,0.094,237.5,5.4,0,1,17
1.382,1.29,0.092,237.09,5.4,0,2,17
1.382,1.29,0.092,237.15,5.4,0,1,17
1.382,1.29,0.092,237.33,5.4,0,1,18
1.382,1.29,0.092,237.26,5.4,0,1,17
1.352,1.278,0.074,237.27,5.4,0,2,17
1.212,1.212,0,237.12,5,0,0,17
1.218,1.218,0,237.82,5,0,0,18
1.218,1.218,0,237.83,5,0,0,17
1.212,1.212,0,237.23,5,0,0,17
1.212,1.212,0,237.29,5,0,0,18
1.218,1.218,0,237.79,5,0,0,17
1.224,1.224,0,238.35,5,0,0,17
1.222,1.222,0,238.18,5,0,0,18
1.214,1.214,0,237.41,5,0,0,17
1.21,1.21,0,236.86,5,0,0,17
1.22,1.22,0,237.96,5,0,0,17
1.222,1.222,0,238.21,5,0,0,18
1.222,1.222,0,238.25,5,0,0,17
1.214,1.214,0,237.5,5,0,0,18
1.362,1.3,0.062,237.75,5.4,0,0,17
1.436,1.33,0.106,238.16,5.6,0,0,17
1.428,1.322,0.106,237.63,5.6,0,0,18
1.43,1.324,0.106,238.16,5.6,0,0,17
1.418,1.314,0.104,237.18,5.4,0,0,17
1.424,1.318,0.106,237.79,5.6,0,0,17
1.426,1.32,0.106,238.06,5.6,0,0,18
1.426,1.32,0.106,238.16,5.6,0,0,17
1.422,1.316,0.106,237.99,5.4,0,0,18
1.422,1.316,0.106,238.04,5.4,0,0,17
1.42,1.314,0.106,237.88,5.4,0,0,17
1.506,1.36,0.146,237.73,5.8,0,0,18
1.584,1.382,0.202,237.31,5.8,0,0,17
1.578,1.378,0.2,236.81,5.8,0,0,17
1.584,1.382,0.202,237.39,5.8,0,0,17
1.582,1.38,0.202,237.29,5.8,0,0,18
1.606,1.396,0.21,239,5.8,0,0,17
1.612,1.398,0.214,239.45,5.8,0,0,18
1.608,1.394,0.214,239.32,5.8,0,0,17
1.608,1.394,0.214,239.45,5.8,0,0,18
1.402,1.308,0.094,238.99,5.4,0,0,17
1.378,1.298,0.08,239.01,5.4,0,0,18
1.368,1.29,0.078,238.38,5.4,0,0,17
1.374,1.294,0.08,238.69,5.4,0,0,18
1.372,1.294,0.078,238.72,5.4,0,0,17
1.376,1.296,0.08,239.13,5.4,0,0,18
1.262,1.262,0,238.77,5.2,0,0,17
1.224,1.224,0,238.46,5,0,0,17
1.232,1.232,0,239.23,5,0,0,18
1.236,1.236,0,239.66,5.2,0,0,18
1.23,1.23,0,239.11,5,0,0,17
1.228,1.228,0,238.9,5,0,0,18
1.23,1.23,0,239.04,5,0,0,17
1.226,1.226,0,238.64,5,0,0,17
1.226,1.226,0,238.6,5,0,0,18
1.224,1.224,0,238.55,5,0,0,17
1.222,1.222,0,238.27,5,0,0,18
1.226,1.226,0,238.59,5,0,0,17
1.234,1.234,0,239.51,5.2,0,0,18
1.224,1.224,0,238.53,5,0,0,17
1.234,1.234,0,239.51,5.2,0,0,18
1.23,1.23,0,239.13,5,0,0,17
1.226,1.226,0,238.6,5,0,0,18
1.23,1.23,0,239.13,5,0,0,17
1.218,1.218,0,237.85,5,0,0,18
1.218,1.218,0,237.8,5,0,0,17
1.22,1.22,0,237.94,5,0,0,17
1.378,1.31,0.068,238.42,5.4,0,0,18
1.428,1.324,0.104,237.68,5.6,0,0,17
1.436,1.33,0.106,238.51,5.6,0,0,17
1.434,1.328,0.106,238.46,5.6,0,0,18
1.432,1.326,0.106,238.38,5.6,0,0,17
1.548,1.446,0.102,237.72,6,0,0,17
1.42,1.316,0.104,237.72,5.4,0,0,18
1.442,1.338,0.104,238.05,5.6,0,0,17
1.432,1.33,0.102,237.7,5.6,0,0,17
1.424,1.322,0.102,237.41,5.6,0,0,18
1.596,1.398,0.198,236.36,6,0,0,17
1.62,1.4,0.22,237.19,6,0,1,17
1.782,1.48,0.302,236.99,6.4,0,2,17
1.794,1.474,0.32,237.53,6.2,0,1,18
1.798,1.476,0.322,237.66,6.2,0,1,17
1.806,1.482,0.324,238.18,6.4,0,2,17
1.804,1.478,0.326,238.15,6.2,0,1,18
1.8,1.476,0.324,238.05,6.2,0,2,17
1.786,1.466,0.32,237.36,6.2,0,1,17
1.77,1.458,0.312,237.77,6.2,0,2,18
1.558,1.366,0.192,237.25,5.8,0,1,17
1.574,1.378,0.196,238.14,5.8,0,1,17
1.564,1.37,0.194,237.6,5.8,0,2,17
1.562,1.368,0.194,237.71,5.8,0,1,18
1.56,1.366,0.194,237.76,5.8,0,1,17
1.548,1.356,0.192,237.14,5.8,0,2,17
1.52,1.35,0.17,237.78,5.6,0,1,18
1.408,1.312,0.096,238.86,5.4,0,1,17
1.276,1.276,0,239.57,5.2,0,1,18
1.234,1.234,0,239.42,5.2,0,0,17
1.238,1.238,0,239.27,5.2,0,0,18
1.24,1.24,0,239.49,5.2,0,0,17
1.244,1.244,0,239.8,5.2,0,0,18
1.232,1.232,0,239.9,5,0,0,18
1.186,1.186,0,240.25,4.8,0,0,17
1.186,1.186,0,240.2,4.8,0,0,18
1.178,1.178,0,239.52,4.8,0,0,17
1.188,1.188,0,240.14,4.8,0,0,18
1.184,1.184,0,239.99,4.8,0,0,18
1.188,1.188,0,240.26,4.8,0,0,17
1.192,1.192,0,240.88,4.8,0,0,18
1.19,1.19,0,240.7,4.8,0,0,18
1.192,1.192,0,240.42,4.8,0,0,18
1.234,1.234,0,240.39,5,0,0,17
1.222,1.222,0,239.62,5,0,0,18
1.212,1.212,0,238.79,5,0,0,17
1.222,1.222,0,239.96,5,0,0,18
1.432,1.34,0.092,239.75,5.6,0,0,18
1.42,1.328,0.092,239.78,5.4,0,0,17
1.42,1.32,0.1,239.99,5.4,0,0,18
1.422,1.32,0.102,240.19,5.4,0,0,17
1.412,1.312,0.1,239.73,5.4,0,0,18
1.418,1.316,0.102,240.18,5.4,0,0,18
1.41,1.31,0.1,239.79,5.4,0,0,17
1.4,1.302,0.098,239.2,5.4,0,0,18
1.49,1.392,0.098,239.56,5.8,0,0,17
1.646,1.478,0.168,239.44,6.2,0,0,18
1.684,1.484,0.2,239.64,6.2,0,0,18
1.69,1.488,0.202,239.9,6.2,0,0,17
1.702,1.496,0.206,240.8,6.2,0,0,18
1.688,1.486,0.202,240.09,6.2,0,0,18
1.698,1.49,0.208,240.74,6.2,0,0,17
1.628,1.426,0.202,239.64,6,0,0,18
1.59,1.382,0.208,239.86,5.8,0,0,18
1.566,1.362,0.204,238.33,5.6,0,0,17
1.574,1.368,0.206,238.95,5.8,0,0,17
1.504,1.336,0.168,238.61,5.6,0,0,18
1.356,1.278,0.078,239.35,5.2,0,0,17
1.346,1.27,0.076,238.64,5.2,0,0,18
1.358,1.28,0.078,239.6,5.2,0,0,17
1.356,1.278,0.078,239.49,5.2,0,0,18
1.316,1.266,0.05,240.3,5.2,0,0,18
1.202,1.202,0,238.6,5,0,0,17
1.218,1.218,0,240.25,5,0,0,18
1.226,1.226,0,241.01,5,0,0,18
1.226,1.226,0,241.14,5,0,0,17
1.222,1.222,0,240.78,5,0,0,18
1.22,1.22,0,240.77,5,0,0,18
1.216,1.216,0,240.33,5,0,0,18
1.214,1.214,0,240.01,5,0,0,17
1.206,1.206,0,239.1,5,0,0,18
1.212,1.212,0,239.8,5,0,0,17
1.21,1.21,0,239.6,5,0,0,18
1.214,1.214,0,240.08,5,0,0,17
1.206,1.206,0,239.29,5,0,0,18
1.218,1.218,0,240.34,5,0,0,18
1.218,1.218,0,240.38,5,0,0,17
1.222,1.222,0,240.76,5,0,0,18
1.216,1.216,0,240.24,5,0,0,18
1.222,1.222,0,240.72,5,0,0,18
1.214,1.214,0,239.84,5,0,0,17
1.222,1.222,0,240.7,5,0,0,18
1.214,1.214,0,240.06,5,0,0,18
1.22,1.22,0,240.63,5,0,0,17
1.282,1.282,0,240.59,5.2,0,0,18
1.448,1.334,0.114,241.06,5.4,0,0,18
1.44,1.328,0.112,240.74,5.4,0,0,17
1.424,1.316,0.108,239.95,5.4,0,0,18
1.412,1.308,0.104,239.23,5.4,0,0,18
1.418,1.312,0.106,239.85,5.4,0,0,17
1.418,1.31,0.108,239.91,5.4,0,0,18
1.418,1.31,0.108,240.02,5.4,0,0,18
1.554,1.368,0.186,238.59,5.8,0,0,17
1.6,1.374,0.226,238.57,5.8,0,1,17
1.606,1.374,0.232,239.3,5.8,0,2,18
1.754,1.446,0.308,239.07,6.2,0,1,17
1.77,1.442,0.328,238.52,6.2,0,1,18
1.772,1.444,0.328,238.53,6.2,0,2,17
1.77,1.442,0.328,238.57,6.2,0,1,18
1.778,1.446,0.332,239.17,6.2,0,2,17
1.772,1.442,0.33,239.04,6.2,0,1,18
1.764,1.436,0.328,238.63,6,0,2,17
1.76,1.432,0.328,238.57,6,0,1,18
1.762,1.432,0.33,238.86,6,0,1,17
1.688,1.404,0.284,239.48,6,0,2,18
1.534,1.336,0.198,238.58,5.6,0,1,17
1.526,1.33,0.196,238.17,5.6,0,2,17
1.532,1.334,0.198,238.76,5.6,0,1,18
1.544,1.342,0.202,239.54,5.6,0,1,17
1.542,1.34,0.202,239.51,5.6,0,1,18
1.304,1.244,0.06,239.24,5.2,0,1,18
1.196,1.196,0,239.4,5,0,0,17
1.2,1.2,0,239.93,5,0,0,18
1.198,1.198,0,239.64,5,0,0,17
1.196,1.196,0,239.42,5,0,0,18
1.188,1.188,0,238.56,5,0,0,17
1.198,1.198,0,239.64,5,0,0,18
1.2,1.2,0,239.79,5,0,0,17
1.196,1.196,0,239.43,5,0,0,18
1.194,1.194,0,239.18,5,0,0,18
1.196,1.196,0,239.51,5,0,0,17
1.194,1.194,0,239.27,5,0,0,18
1.19,1.19,0,238.84,5,0,0,17
1.184,1.184,0,238.11,5,0,0,17
1.18,1.18,0,237.62,4.8,0,0,18
1.192,1.192,0,239.02,5,0,0,17
1.194,1.194,0,239.21,5,0,0,18
1.196,1.196,0,239.47,5,0,0,17
0.988,0.988,0,239.41,4.4,0,0,15
0.14,0.14,0,240,0.6,0,0,0
0.14,0.14,0,240,0.6,0,0,0
0.158,0.158,0,240.09,0.8,0,0,0
0.38,0.252,0.128,240.66,1.2,0,0,0
0.376,0.25,0.126,239.73,1.2,0,0,0
0.372,0.246,0.126,240.09,1.2,0,0,0
0.374,0.246,0.128,240.62,1.2,0,0,0
0.378,0.246,0.132,241.4,1.2,0,0,0
0.374,0.244,0.13,240.84,1.2,0,0,0
0.37,0.242,0.128,240.56,1.2,0,0,0
0.37,0.242,0.128,240.37,1.2,0,0,0
0.37,0.24,0.13,241,1.2,0,0,0
0.368,0.24,0.128,240.6,1.2,0,0,0
0.364,0.238,0.126,239.96,1.2,0,0,0
0.4,0.26,0.14,240.68,1.4,0,0,0
0.542,0.314,0.228,240.2,1.6,0,0,0
0.544,0.314,0.23,240.55,1.6,0,0,0
0.538,0.312,0.226,239.71,1.6,0,0,0
0.538,0.312,0.226,239.86,1.6,0,0,0
0.538,0.31,0.228,240.55,1.6,0,0,0
0.536,0.308,0.228,240.39,1.6,0,0,0
0.532,0.306,0.226,240.17,1.6,0,0,0
0.548,0.322,0.226,240.18,1.6,0,0,0
0.538,0.31,0.228,240.35,1.6,0,0,0
0.536,0.318,0.218,240.72,1.6,0,0,0
0.538,0.318,0.22,241.13,1.6,0,0,0
0.536,0.316,0.22,240.93,1.6,0,0,0
0.544,0.318,0.226,242.27,1.6,0,0,0
0.538,0.318,0.22,241.54,1.6,0,0,0
0.322,0.236,0.086,241.61,1,0,0,0
0.314,0.236,0.078,240.8,1,0,0,0
0.322,0.234,0.088,240.77,1,0,0,0
0.33,0.234,0.096,240.87,1,0,0,0
0.334,0.236,0.098,241.31,1,0,0,0
0.334,0.236,0.098,241.12,1,0,0,0
0.33,0.234,0.096,240.32,1,0,0,0
0.33,0.234,0.096,240.44,1,0,0,0
0.33,0.234,0.096,240.4,1,0,0,0
0.292,0.218,0.074,240.34,1,0,0,0
0.164,0.164,0,239.86,0.8,0,0,0
0.166,0.166,0,240.93,0.8,0,0,0
0.166,0.166,0,240.6,0.8,0,0,0
0.164,0.164,0,240.01,0.8,0,0,0
0.164,0.164,0,240.12,0.8,0,0,0
0.164,0.164,0,240.14,0.8,0,0,0
0.166,0.166,0,240.08,0.8,0,0,0
0.166,0.166,0,240.64,0.8,0,0,0
0.166,0.166,0,240.84,0.8,0,0,0
0.168,0.168,0,242.21,0.8,0,0,0
0.166,0.166,0,241.65,0.8,0,0,0
0.168,0.168,0,242.08,0.8,0,0,0
0.166,0.166,0,241.41,0.8,0,0,0
0.166,0.166,0,241.46,0.8,0,0,0
0.192,0.192,0,241.2,1,0,0,0
0.402,0.276,0.126,240.89,1.2,0,0,0
0.402,0.274,0.128,241.48,1.2,0,0,0
0.488,0.318,0.17,240.22,1.6,0,0,0
0.602,0.354,0.248,240.53,1.8,0,1,0
0.598,0.352,0.246,240.26,1.8,0,2,0
0.6,0.352,0.248,240.62,1.8,0,1,0
0.6,0.352,0.248,240.56,1.8,0,1,0
0.602,0.352,0.25,240.77,1.8,0,2,0
0.6,0.35,0.25,241.07,1.8,0,1,0
0.6,0.35,0.25,241.16,1.8,0,2,0
0.598,0.348,0.25,241.1,1.8,0,1,0
0.598,0.348,0.25,241,1.8,0,2,0
0.596,0.346,0.25,241.1,1.8,0,1,0
0.592,0.344,0.248,240.68,1.8,0,1,0
0.592,0.344,0.248,240.61,1.8,0,2,0
0.59,0.342,0.248,240.81,1.8,0,1,0
0.588,0.34,0.248,240.58,1.6,0,2,0
0.706,0.4,0.306,240.86,2.2,0,1,0
0.762,0.414,0.348,240.4,2.2,0,1,0
0.762,0.414,0.348,240.38,2.2,0,1,0
0.598,0.346,0.252,240.82,1.8,0,1,0
0.338,0.242,0.096,240.43,1,0,0,0
0.336,0.24,0.096,240.19,1,0,0,0
0.332,0.238,0.094,239.81,1,0,0,0
0.338,0.242,0.096,240.7,1,0,0,0
0.33,0.236,0.094,240.14,1,0,0,0
0.332,0.238,0.094,240.36,1,0,0,0
0.328,0.234,0.094,240.05,1,0,0,0
0.746,0.466,0.28,240.14,2.2,0,0,0
0.766,0.482,0.284,240.16,2.2,0,0,0
0.77,0.494,0.276,239.92,2.4,0,0,0
0.806,0.538,0.268,239.85,2.4,0,0,0
0.794,0.532,0.262,239.2,2.4,0,0,0
0.88,0.584,0.296,240.04,3,0,0,0
2.542,2.044,0.498,238.13,9,0,0,0
2.234,1.87,0.364,238.36,8.2,0,0,0
1.166,0.968,0.198,239.31,5.4,0,0,0
0.394,0.302,0.092,240.22,1.4,0,0,0
0.396,0.304,0.092,240.38,1.4,0,0,0
0.25,0.25,0,240.27,1.2,0,0,0
0.232,0.232,0,239.82,1,0,0,0
0.232,0.232,0,240.1,1,0,0,0
0.234,0.234,0,239.83,1,0,0,0
0.234,0.234,0,240.24,1,0,0,0
0.562,0.504,0.058,239.26,3.4,0,0,0
1.952,1.742,0.21,237.83,7.6,0,0,0
0.482,0.406,0.076,240.12,2.4,0,0,0
0.46,0.338,0.122,240.42,1.6,0,0,0
0.458,0.338,0.12,239.91,1.6,0,0,0
0.452,0.334,0.118,239.64,1.6,0,0,0
0.454,0.332,0.122,240.26,1.6,0,0,0
0.454,0.332,0.122,240.2,1.6,0,0,0
0.452,0.33,0.122,240.51,1.6,0,0,0
0.454,0.33,0.124,240.71,1.6,0,0,0
0.454,0.326,0.128,241.3,1.4,0,0,0
0.454,0.326,0.128,241.57,1.4,0,0,0
0.452,0.326,0.126,240.86,1.4,0,0,0
0.45,0.328,0.122,240.36,1.4,0,0,0
0.454,0.328,0.126,240.9,1.4,0,0,0
0.448,0.326,0.122,240.04,1.4,0,0,0
0.448,0.328,0.12,239.66,1.6,0,0,0
0.452,0.33,0.122,240.37,1.6,0,0,0
0.452,0.33,0.122,240.16,1.6,0,0,0
0.452,0.33,0.122,240.23,1.6,0,0,0
0.452,0.326,0.126,240.89,1.4,0,0,0
0.45,0.324,0.126,240.79,1.4,0,0,0
0.454,0.328,0.126,241.02,1.6,0,0,0
0.246,0.246,0,240.59,1.2,0,0,0
0.24,0.24,0,240.41,1.2,0,0,0
0.428,0.334,0.094,240.83,1.6,0,0,0
0.408,0.316,0.092,240.29,1.4,0,0,0
0.41,0.316,0.094,240.98,1.4,0,0,0
0.406,0.312,0.094,240.92,1.4,0,0,0
0.344,0.244,0.1,241.38,1,0,0,0
0.34,0.24,0.1,241.44,1,0,0,0
0.34,0.238,0.102,241.72,1,0,0,0
0.338,0.238,0.1,241.37,1,0,0,0
0.336,0.236,0.1,241.47,1,0,0,0
0.338,0.236,0.102,241.8,1,0,0,0
0.334,0.234,0.1,241.3,1,0,0,0
0.34,0.236,0.104,242.34,1,0,0,0
0.334,0.234,0.1,241.35,1,0,0,0
0.34,0.236,0.104,242.35,1,0,0,0
0.34,0.236,0.104,242.3,1,0,0,0
0.338,0.234,0.104,242.17,1,0,0,0
0.18,0.18,0,242.23,0.8,0,0,0
0.166,0.166,0,242.28,0.8,0,0,0
0.168,0.168,0,242.28,0.8,0,0,0
0.166,0.166,0,241.4,0.8,0,0,0
0.168,0.168,0,242.12,0.8,0,0,0
0.166,0.166,0,241.61,0.8,0,0,0
0.164,0.164,0,240.77,0.8,0,0,0
0.164,0.164,0,240.7,0.8,0,0,0
0.322,0.244,0.078,239.97,1.2,0,0,0
0.396,0.272,0.124,239.45,1.2,0,0,0
0.448,0.3,0.148,240.19,1.6,0,0,0
0.6,0.354,0.246,239.93,1.8,0,1,0
0.6,0.352,0.248,240.03,1.8,0,2,0
0.592,0.35,0.242,239.08,1.8,0,1,0
0.596,0.35,0.246,239.81,1.8,0,1,0
0.616,0.354,0.262,242.78,1.8,0,2,0
0.61,0.352,0.258,242.2,1.8,0,1,0
0.61,0.35,0.26,242.41,1.8,0,2,0
0.612,0.35,0.262,242.73,1.8,0,1,0
0.606,0.348,0.258,242.41,1.8,0,2,0
0.602,0.346,0.256,242.06,1.8,0,1,0
0.598,0.344,0.254,241.76,1.8,0,1,0
0.596,0.344,0.252,241.33,1.8,0,2,0
0.592,0.342,0.25,240.87,1.8,0,1,0
0.59,0.34,0.25,240.9,1.8,0,2,0
0.592,0.34,0.252,241.18,1.6,0,1,0
0.59,0.338,0.252,241.58,1.6,0,1,0
0.592,0.336,0.256,241.98,1.6,0,2,0
0.544,0.318,0.226,241.72,1.6,0,1,0
0.164,0.164,0,241.87,0.8,0,0,0
0.164,0.164,0,242.01,0.8,0,0,0
0.164,0.164,0,241.96,0.8,0,0,0
0.164,0.164,0,241.55,0.8,0,0,0
0.354,0.256,0.098,241.67,1.2,0,0,0
0.342,0.242,0.1,241.36,1,0,0,0
0.342,0.242,0.1,241.58,1,0,0,0
0.342,0.242,0.1,241.33,1,0,0,0
0.34,0.24,0.1,241.63,1,0,0,0
0.336,0.236,0.1,241.13,1,0,0,0
0.332,0.234,0.098,240.43,1,0,0,0
0.33,0.234,0.096,240.52,1,0,0,0
0.326,0.232,0.094,239.88,1,0,0,0
0.33,0.232,0.098,240.62,1,0,0,0
0.332,0.232,0.1,241.43,1,0,0,0
0.332,0.232,0.1,241.42,1,0,0,0
0.332,0.232,0.1,241.2,1,0,0,0
0.332,0.232,0.1,241.26,1,0,0,0
0.332,0.232,0.1,241.64,1,0,0,0
0.182,0.182,0,241.81,0.8,0,0,0
0.162,0.162,0,241.64,0.6,0,0,0
0.162,0.162,0,241.5,0.6,0,0,0
0.164,0.164,0,241.96,0.8,0,0,0
0.164,0.164,0,242.25,0.8,0,0,0
0.164,0.164,0,242.37,0.8,0,0,0
0.198,0.198,0,242,1,0,0,0
0.404,0.274,0.13,241.62,1.2,0,0,0
0.404,0.272,0.132,241.76,1.2,0,0,0
0.402,0.27,0.132,241.79,1.2,0,0,0
0.398,0.268,0.13,241.55,1.2,0,0,0
0.394,0.266,0.128,240.77,1.2,0,0,0
0.394,0.264,0.13,241.35,1.2,0,0,0
0.396,0.264,0.132,241.85,1.2,0,0,0
0.394,0.262,0.132,241.72,1.2,0,0,0
0.396,0.262,0.134,241.97,1.2,0,0,0
0.394,0.26,0.134,241.92,1.2,0,0,0
0.394,0.26,0.134,242.1,1.2,0,0,0
0.394,0.26,0.134,242.15,1.2,0,0,0
0.394,0.26,0.134,242.04,1.2,0,0,0
0.392,0.258,0.134,241.99,1.2,0,0,0
0.388,0.258,0.13,241.26,1.2,0,0,0
0.39,0.258,0.132,241.73,1.2,0,0,0
0.384,0.256,0.128,241.04,1.2,0,0,0
0.386,0.256,0.13,241.35,1.2,0,0,0
0.386,0.256,0.13,241.06,1.2,0,0,0
0.382,0.254,0.128,240.76,1.2,0,0,0
0.168,0.168,0,241.12,0.8,0,0,0
0.162,0.162,0,241.32,0.6,0,0,0
0.162,0.162,0,241.6,0.6,0,0,0
0.162,0.162,0,241.29,0.6,0,0,0
0.162,0.162,0,242.14,0.6,0,0,0
0.162,0.162,0,241.84,0.6,0,0,0
0.212,0.212,0,241.4,1,0,0,0
0.342,0.24,0.102,241.47,1,0,0,0
0.34,0.24,0.1,241.41,1,0,0,0
0.344,0.242,0.102,241.45,1,0,0,0
0.344,0.24,0.104,242.21,1,0,0,0
0.342,0.238,0.104,242.06,1,0,0,0
0.338,0.236,0.102,241.65,1,0,0,0
0.336,0.234,0.102,241.51,1,0,0,0
0.338,0.234,0.104,242.1,1,0,0,0
0.336,0.234,0.102,241.75,1,0,0,0
0.334,0.232,0.102,241.47,1,0,0,0
0.334,0.232,0.102,241.41,1,0,0,0
0.334,0.232,0.102,241.43,1,0,0,0
0.332,0.23,0.102,241.59,1,0,0,0
0.332,0.23,0.102,241.41,1,0,0,0
0.186,0.186,0,241.33,0.8,0,0,0
0.162,0.162,0,241.16,0.6,0,0,0
0.162,0.162,0,241.43,0.6,0,0,0
0.162,0.162,0,241.53,0.8,0,0,0
0.162,0.162,0,241.83,0.8,0,0,0
0.282,0.224,0.058,241.6,1.2,0,0,0
0.408,0.274,0.134,242.41,1.2,0,0,0
0.496,0.318,0.178,241.36,1.6,0,0,0
0.61,0.354,0.256,241.85,1.8,0,1,0
0.608,0.352,0.256,242.04,1.8,0,1,0
0.604,0.35,0.254,241.32,1.8,0,1,0
0.608,0.352,0.256,241.89,1.8,0,2,0
